<?xml version="1.0" encoding="utf-8"?><AttributeDefinition xmlns:xsi="http://www.w3.org/2001/XMLSchema-instance" xmlns:xsd="http://www.w3.org/2001/XMLSchema" xsi:noNamespaceSchemaLocation="DaVinciEx_GenericAttributes_1_0.xsd" dvSchemaVersion="1.0"><AttributeDefinitionTable Version="1.0" ID="{932D3FD0-2F6C-49BF-80CB-D1C3756D3868}"><Attribute Name="AR_UUID_ArrayElementConstant" ObjectType="ArrayElementConstant"><STRING Default="" /></Attribute><Attribute Name="AR_UUID_ComponentType" ObjectType="ComponentType"><STRING Default="" /></Attribute><Attribute Name="AR_UUID_Constant" ObjectType="Constant"><STRING Default="" /></Attribute><Attribute Name="AR_UUID_DataElementPrototype" ObjectType="DataElementPrototype"><STRING Default="" /></Attribute><Attribute Name="AR_UUID_DataType" ObjectType="DataType"><STRING Default="" /></Attribute><Attribute Name="AR_UUID_OperationPrototype" ObjectType="OperationPrototype"><STRING Default="" /></Attribute><Attribute Name="AR_UUID_PortInterface" ObjectType="PortInterface"><STRING Default="" /></Attribute><Attribute Name="AR_UUID_PortPrototype" ObjectType="PortPrototype"><STRING Default="" /></Attribute><Attribute Name="AR_UUID_RecordElementConstant" ObjectType="RecordElementConstant"><STRING Default="" /></Attribute><Attribute Name="PAR_GROUP_EL" ObjectType="CalElementPrototype"><ENUM Default="VAR_CODING_DATA"><EnumValue Value="VAR_CODING_DATA" /></ENUM></Attribute></AttributeDefinitionTable><ObjectAttributeReference ObjectType="Port Prototype"><ARObjectReference Type="P-PORT-PROTOTYPE" Reference="/ComponentType/CddHmi35up/pport_If_sr_Hmi_RequestBc" /><AttributeDefinitionTableRef Version="1.0" ID="{932D3FD0-2F6C-49BF-80CB-D1C3756D3868}" /><AttributeValue Name="AR_UUID_PortPrototype" Value="55c00a08-a032-4636-a61f-6afbbcedf14e" /></ObjectAttributeReference><ObjectAttributeReference ObjectType="Port Prototype"><ARObjectReference Type="P-PORT-PROTOTYPE" Reference="/ComponentType/CddHmi35up/pport_If_sr_Hmi_RequestCc" /><AttributeDefinitionTableRef Version="1.0" ID="{932D3FD0-2F6C-49BF-80CB-D1C3756D3868}" /><AttributeValue Name="AR_UUID_PortPrototype" Value="0bbbd14a-f87d-432a-8ba2-2491ce64d6ff" /></ObjectAttributeReference><ObjectAttributeReference ObjectType="Port Prototype"><ARObjectReference Type="P-PORT-PROTOTYPE" Reference="/ComponentType/CddHmi35up/pport_If_sr_Hmi_RequestErm" /><AttributeDefinitionTableRef Version="1.0" ID="{932D3FD0-2F6C-49BF-80CB-D1C3756D3868}" /><AttributeValue Name="AR_UUID_PortPrototype" Value="c13edd2e-198f-45ba-8d83-c8bd26a9bb70" /></ObjectAttributeReference><ObjectAttributeReference ObjectType="Port Prototype"><ARObjectReference Type="P-PORT-PROTOTYPE" Reference="/ComponentType/CddHmi35up/pport_If_sr_Hmi_RequestGeneral" /><AttributeDefinitionTableRef Version="1.0" ID="{932D3FD0-2F6C-49BF-80CB-D1C3756D3868}" /><AttributeValue Name="AR_UUID_PortPrototype" Value="8b7e44ba-e218-4d75-bf98-ca4898b488e7" /></ObjectAttributeReference><ObjectAttributeReference ObjectType="Port Prototype"><ARObjectReference Type="P-PORT-PROTOTYPE" Reference="/ComponentType/CddHmi35up/pport_If_sr_Hmi_RequestLdm" /><AttributeDefinitionTableRef Version="1.0" ID="{932D3FD0-2F6C-49BF-80CB-D1C3756D3868}" /><AttributeValue Name="AR_UUID_PortPrototype" Value="ab46fc61-b2f2-47d9-a75d-ef25a172d205" /></ObjectAttributeReference><ObjectAttributeReference ObjectType="Port Prototype"><ARObjectReference Type="P-PORT-PROTOTYPE" Reference="/ComponentType/CddHmi35up/pport_If_sr_Hmi_RequestOdo" /><AttributeDefinitionTableRef Version="1.0" ID="{932D3FD0-2F6C-49BF-80CB-D1C3756D3868}" /><AttributeValue Name="AR_UUID_PortPrototype" Value="cf1794d9-ab98-4c72-9180-268fc7791ece" /></ObjectAttributeReference><ObjectAttributeReference ObjectType="Port Prototype"><ARObjectReference Type="R-PORT-PROTOTYPE" Reference="/ComponentType/CddHmi35up/rport_If_cs_HmiCoding" /><AttributeDefinitionTableRef Version="1.0" ID="{932D3FD0-2F6C-49BF-80CB-D1C3756D3868}" /><AttributeValue Name="AR_UUID_PortPrototype" Value="c822bf2f-2b29-4645-b5ae-d0e558a8626b" /></ObjectAttributeReference><ObjectAttributeReference ObjectType="Port Prototype"><ARObjectReference Type="R-PORT-PROTOTYPE" Reference="/ComponentType/CddHmi35up/rport_If_sr_Atp_To_Hmi" /><AttributeDefinitionTableRef Version="1.0" ID="{932D3FD0-2F6C-49BF-80CB-D1C3756D3868}" /><AttributeValue Name="AR_UUID_PortPrototype" Value="6f316acf-4312-4c90-826a-1350aff19b62" /></ObjectAttributeReference><ObjectAttributeReference ObjectType="Port Prototype"><ARObjectReference Type="R-PORT-PROTOTYPE" Reference="/ComponentType/CddHmi35up/rport_If_sr_Bc2_Trip" /><AttributeDefinitionTableRef Version="1.0" ID="{932D3FD0-2F6C-49BF-80CB-D1C3756D3868}" /><AttributeValue Name="AR_UUID_PortPrototype" Value="ab5cc93b-40c6-4c5c-9f8a-bdb0fa1c442f" /></ObjectAttributeReference><ObjectAttributeReference ObjectType="Port Prototype"><ARObjectReference Type="R-PORT-PROTOTYPE" Reference="/ComponentType/CddHmi35up/rport_If_sr_BcChargingScreen" /><AttributeDefinitionTableRef Version="1.0" ID="{932D3FD0-2F6C-49BF-80CB-D1C3756D3868}" /><AttributeValue Name="AR_UUID_PortPrototype" Value="9e3453bb-50e0-41e4-91fe-5dad9b03905b" /></ObjectAttributeReference><ObjectAttributeReference ObjectType="Port Prototype"><ARObjectReference Type="R-PORT-PROTOTYPE" Reference="/ComponentType/CddHmi35up/rport_If_sr_BcFlags" /><AttributeDefinitionTableRef Version="1.0" ID="{932D3FD0-2F6C-49BF-80CB-D1C3756D3868}" /><AttributeValue Name="AR_UUID_PortPrototype" Value="a518112c-1a97-4e67-9700-f6bd0a9a06d7" /></ObjectAttributeReference><ObjectAttributeReference ObjectType="Port Prototype"><ARObjectReference Type="R-PORT-PROTOTYPE" Reference="/ComponentType/CddHmi35up/rport_If_sr_Bc_Average_To_Hmi" /><AttributeDefinitionTableRef Version="1.0" ID="{932D3FD0-2F6C-49BF-80CB-D1C3756D3868}" /><AttributeValue Name="AR_UUID_PortPrototype" Value="e5b331a6-4aef-4593-a538-9b112a4786a3" /></ObjectAttributeReference><ObjectAttributeReference ObjectType="Port Prototype"><ARObjectReference Type="R-PORT-PROTOTYPE" Reference="/ComponentType/CddHmi35up/rport_If_sr_Bc_Consumption_To_Hmi" /><AttributeDefinitionTableRef Version="1.0" ID="{932D3FD0-2F6C-49BF-80CB-D1C3756D3868}" /><AttributeValue Name="AR_UUID_PortPrototype" Value="86fc1901-e068-4b31-8a31-794f730fc434" /></ObjectAttributeReference><ObjectAttributeReference ObjectType="Port Prototype"><ARObjectReference Type="R-PORT-PROTOTYPE" Reference="/ComponentType/CddHmi35up/rport_If_sr_Bc_Eco" /><AttributeDefinitionTableRef Version="1.0" ID="{932D3FD0-2F6C-49BF-80CB-D1C3756D3868}" /><AttributeValue Name="AR_UUID_PortPrototype" Value="b09ae7fd-d979-41b0-8681-03f329351eb2" /></ObjectAttributeReference><ObjectAttributeReference ObjectType="Port Prototype"><ARObjectReference Type="R-PORT-PROTOTYPE" Reference="/ComponentType/CddHmi35up/rport_If_sr_Bc_Range_To_Hmi" /><AttributeDefinitionTableRef Version="1.0" ID="{932D3FD0-2F6C-49BF-80CB-D1C3756D3868}" /><AttributeValue Name="AR_UUID_PortPrototype" Value="4686b470-a850-4866-b785-ae3087e94dab" /></ObjectAttributeReference><ObjectAttributeReference ObjectType="Port Prototype"><ARObjectReference Type="R-PORT-PROTOTYPE" Reference="/ComponentType/CddHmi35up/rport_If_sr_Bc_Speed_To_Hmi" /><AttributeDefinitionTableRef Version="1.0" ID="{932D3FD0-2F6C-49BF-80CB-D1C3756D3868}" /><AttributeValue Name="AR_UUID_PortPrototype" Value="2017ef56-491f-4f06-afc2-740a1fcc9353" /></ObjectAttributeReference><ObjectAttributeReference ObjectType="Port Prototype"><ARObjectReference Type="R-PORT-PROTOTYPE" Reference="/ComponentType/CddHmi35up/rport_If_sr_CbsWrp_To_Hmi" /><AttributeDefinitionTableRef Version="1.0" ID="{932D3FD0-2F6C-49BF-80CB-D1C3756D3868}" /><AttributeValue Name="AR_UUID_PortPrototype" Value="05e61aa3-009a-43c1-9ac6-0949a13c941f" /></ObjectAttributeReference><ObjectAttributeReference ObjectType="Port Prototype"><ARObjectReference Type="R-PORT-PROTOTYPE" Reference="/ComponentType/CddHmi35up/rport_If_sr_Ccm" /><AttributeDefinitionTableRef Version="1.0" ID="{932D3FD0-2F6C-49BF-80CB-D1C3756D3868}" /><AttributeValue Name="AR_UUID_PortPrototype" Value="1a5e5473-f462-482d-8025-2c410181c044" /></ObjectAttributeReference><ObjectAttributeReference ObjectType="Port Prototype"><ARObjectReference Type="R-PORT-PROTOTYPE" Reference="/ComponentType/CddHmi35up/rport_If_sr_CcmToHmi" /><AttributeDefinitionTableRef Version="1.0" ID="{932D3FD0-2F6C-49BF-80CB-D1C3756D3868}" /><AttributeValue Name="AR_UUID_PortPrototype" Value="c59f22c3-2e87-4315-b2e4-bd922f0bd80d" /></ObjectAttributeReference><ObjectAttributeReference ObjectType="Port Prototype"><ARObjectReference Type="R-PORT-PROTOTYPE" Reference="/ComponentType/CddHmi35up/rport_If_sr_Clock" /><AttributeDefinitionTableRef Version="1.0" ID="{932D3FD0-2F6C-49BF-80CB-D1C3756D3868}" /><AttributeValue Name="AR_UUID_PortPrototype" Value="7a276803-bb9f-46cb-b2e1-94496fb212d4" /></ObjectAttributeReference><ObjectAttributeReference ObjectType="Port Prototype"><ARObjectReference Type="R-PORT-PROTOTYPE" Reference="/ComponentType/CddHmi35up/rport_If_sr_EcuM_CurrentMode" /><AttributeDefinitionTableRef Version="1.0" ID="{932D3FD0-2F6C-49BF-80CB-D1C3756D3868}" /><AttributeValue Name="AR_UUID_PortPrototype" Value="1e6159f4-b5e7-4c85-9c8f-0c0a171505dd" /></ObjectAttributeReference><ObjectAttributeReference ObjectType="Port Prototype"><ARObjectReference Type="R-PORT-PROTOTYPE" Reference="/ComponentType/CddHmi35up/rport_If_sr_Erm_Rx_Frame_CHGNG_ST" /><AttributeDefinitionTableRef Version="1.0" ID="{932D3FD0-2F6C-49BF-80CB-D1C3756D3868}" /><AttributeValue Name="AR_UUID_PortPrototype" Value="f72f049e-bb71-459d-824c-6ad898d64b69" /></ObjectAttributeReference><ObjectAttributeReference ObjectType="Port Prototype"><ARObjectReference Type="R-PORT-PROTOTYPE" Reference="/ComponentType/CddHmi35up/rport_If_sr_Erm_Rx_Frame_DISP_CON_HYB" /><AttributeDefinitionTableRef Version="1.0" ID="{932D3FD0-2F6C-49BF-80CB-D1C3756D3868}" /><AttributeValue Name="AR_UUID_PortPrototype" Value="cba908b7-3c64-4b4d-a898-f90bd4601413" /></ObjectAttributeReference><ObjectAttributeReference ObjectType="Port Prototype"><ARObjectReference Type="R-PORT-PROTOTYPE" Reference="/ComponentType/CddHmi35up/rport_If_sr_Erm_Rx_Frame_DISP_PWR_DRV" /><AttributeDefinitionTableRef Version="1.0" ID="{932D3FD0-2F6C-49BF-80CB-D1C3756D3868}" /><AttributeValue Name="AR_UUID_PortPrototype" Value="131d61e1-7a2e-45ed-a0bd-d48615bd2e40" /></ObjectAttributeReference><ObjectAttributeReference ObjectType="Port Prototype"><ARObjectReference Type="R-PORT-PROTOTYPE" Reference="/ComponentType/CddHmi35up/rport_If_sr_Erm_Rx_Frame_DISP_RPM_PT" /><AttributeDefinitionTableRef Version="1.0" ID="{932D3FD0-2F6C-49BF-80CB-D1C3756D3868}" /><AttributeValue Name="AR_UUID_PortPrototype" Value="27dd088a-e45c-403e-a012-909083ff1e13" /></ObjectAttributeReference><ObjectAttributeReference ObjectType="Port Prototype"><ARObjectReference Type="R-PORT-PROTOTYPE" Reference="/ComponentType/CddHmi35up/rport_If_sr_Erm_Rx_Frame_DT_PT_2" /><AttributeDefinitionTableRef Version="1.0" ID="{932D3FD0-2F6C-49BF-80CB-D1C3756D3868}" /><AttributeValue Name="AR_UUID_PortPrototype" Value="328d12b8-0b65-40a4-8588-46c502174488" /></ObjectAttributeReference><ObjectAttributeReference ObjectType="Port Prototype"><ARObjectReference Type="R-PORT-PROTOTYPE" Reference="/ComponentType/CddHmi35up/rport_If_sr_Erm_Rx_Frame_DXP_MOD" /><AttributeDefinitionTableRef Version="1.0" ID="{932D3FD0-2F6C-49BF-80CB-D1C3756D3868}" /><AttributeValue Name="AR_UUID_PortPrototype" Value="b465e3bf-59bf-4898-a29b-1a267244b0cf" /></ObjectAttributeReference><ObjectAttributeReference ObjectType="Port Prototype"><ARObjectReference Type="R-PORT-PROTOTYPE" Reference="/ComponentType/CddHmi35up/rport_If_sr_Erm_Rx_Frame_OP_PUBU_HUD" /><AttributeDefinitionTableRef Version="1.0" ID="{932D3FD0-2F6C-49BF-80CB-D1C3756D3868}" /><AttributeValue Name="AR_UUID_PortPrototype" Value="244fca20-103b-4dc2-bf6e-00c347819d86" /></ObjectAttributeReference><ObjectAttributeReference ObjectType="Port Prototype"><ARObjectReference Type="R-PORT-PROTOTYPE" Reference="/ComponentType/CddHmi35up/rport_If_sr_Erm_Rx_Frame_RCOG_TRSG" /><AttributeDefinitionTableRef Version="1.0" ID="{932D3FD0-2F6C-49BF-80CB-D1C3756D3868}" /><AttributeValue Name="AR_UUID_PortPrototype" Value="f8a5e7a4-d260-4cc3-be3b-3779e99796ae" /></ObjectAttributeReference><ObjectAttributeReference ObjectType="Port Prototype"><ARObjectReference Type="R-PORT-PROTOTYPE" Reference="/ComponentType/CddHmi35up/rport_If_sr_Erm_Rx_Frame_STAT_ENG_STA_AUTO" /><AttributeDefinitionTableRef Version="1.0" ID="{932D3FD0-2F6C-49BF-80CB-D1C3756D3868}" /><AttributeValue Name="AR_UUID_PortPrototype" Value="4e1bdb39-ce14-40ac-bbe7-25f60c634386" /></ObjectAttributeReference><ObjectAttributeReference ObjectType="Port Prototype"><ARObjectReference Type="R-PORT-PROTOTYPE" Reference="/ComponentType/CddHmi35up/rport_If_sr_Erm_Rx_Frame_STAT_KLIMA_STAND" /><AttributeDefinitionTableRef Version="1.0" ID="{932D3FD0-2F6C-49BF-80CB-D1C3756D3868}" /><AttributeValue Name="AR_UUID_PortPrototype" Value="45f0afc5-8650-4801-b487-11307f0cad65" /></ObjectAttributeReference><ObjectAttributeReference ObjectType="Port Prototype"><ARObjectReference Type="R-PORT-PROTOTYPE" Reference="/ComponentType/CddHmi35up/rport_If_sr_Erm_Rx_Frame_STAT_ZV_KLAPPEN" /><AttributeDefinitionTableRef Version="1.0" ID="{932D3FD0-2F6C-49BF-80CB-D1C3756D3868}" /><AttributeValue Name="AR_UUID_PortPrototype" Value="dea6c4ff-39ee-42e9-aba4-90e40c7803c7" /></ObjectAttributeReference><ObjectAttributeReference ObjectType="Port Prototype"><ARObjectReference Type="R-PORT-PROTOTYPE" Reference="/ComponentType/CddHmi35up/rport_If_sr_Erm_Rx_Frame_ST_BLT_CT_SOCCU" /><AttributeDefinitionTableRef Version="1.0" ID="{932D3FD0-2F6C-49BF-80CB-D1C3756D3868}" /><AttributeValue Name="AR_UUID_PortPrototype" Value="513bd00f-96a3-4a74-b192-ea9267358510" /></ObjectAttributeReference><ObjectAttributeReference ObjectType="Port Prototype"><ARObjectReference Type="R-PORT-PROTOTYPE" Reference="/ComponentType/CddHmi35up/rport_If_sr_Erm_Rx_Frame_ST_CHGINTF" /><AttributeDefinitionTableRef Version="1.0" ID="{932D3FD0-2F6C-49BF-80CB-D1C3756D3868}" /><AttributeValue Name="AR_UUID_PortPrototype" Value="82b4570b-b348-4626-afaa-2fecc2526b8c" /></ObjectAttributeReference><ObjectAttributeReference ObjectType="Port Prototype"><ARObjectReference Type="R-PORT-PROTOTYPE" Reference="/ComponentType/CddHmi35up/rport_If_sr_Erm_Rx_Frame_ST_COSP_FU_ENG" /><AttributeDefinitionTableRef Version="1.0" ID="{932D3FD0-2F6C-49BF-80CB-D1C3756D3868}" /><AttributeValue Name="AR_UUID_PortPrototype" Value="8753c0e6-929a-4406-a00a-65f018d62775" /></ObjectAttributeReference><ObjectAttributeReference ObjectType="Port Prototype"><ARObjectReference Type="R-PORT-PROTOTYPE" Reference="/ComponentType/CddHmi35up/rport_If_sr_Erm_Rx_Frame_ST_STAB_DSC" /><AttributeDefinitionTableRef Version="1.0" ID="{932D3FD0-2F6C-49BF-80CB-D1C3756D3868}" /><AttributeValue Name="AR_UUID_PortPrototype" Value="5c79dafa-da8a-4100-a3d5-7d00fea5989c" /></ObjectAttributeReference><ObjectAttributeReference ObjectType="Port Prototype"><ARObjectReference Type="R-PORT-PROTOTYPE" Reference="/ComponentType/CddHmi35up/rport_If_sr_Erm_Rx_Frame_SYS_ST_EVEH_DRV" /><AttributeDefinitionTableRef Version="1.0" ID="{932D3FD0-2F6C-49BF-80CB-D1C3756D3868}" /><AttributeValue Name="AR_UUID_PortPrototype" Value="e5028f01-86b9-4040-b8a4-8a796176c04c" /></ObjectAttributeReference><ObjectAttributeReference ObjectType="Port Prototype"><ARObjectReference Type="R-PORT-PROTOTYPE" Reference="/ComponentType/CddHmi35up/rport_If_sr_Erm_Rx_Frame_TORQ_CRSH_1" /><AttributeDefinitionTableRef Version="1.0" ID="{932D3FD0-2F6C-49BF-80CB-D1C3756D3868}" /><AttributeValue Name="AR_UUID_PortPrototype" Value="4d6e4122-0808-4df2-9cca-5122b057d647" /></ObjectAttributeReference><ObjectAttributeReference ObjectType="Port Prototype"><ARObjectReference Type="R-PORT-PROTOTYPE" Reference="/ComponentType/CddHmi35up/rport_If_sr_Erm_Rx_Frame_V_VEH" /><AttributeDefinitionTableRef Version="1.0" ID="{932D3FD0-2F6C-49BF-80CB-D1C3756D3868}" /><AttributeValue Name="AR_UUID_PortPrototype" Value="84302a14-f81d-4e10-a312-5df3fca6de07" /></ObjectAttributeReference><ObjectAttributeReference ObjectType="Port Prototype"><ARObjectReference Type="R-PORT-PROTOTYPE" Reference="/ComponentType/CddHmi35up/rport_If_sr_Fubi_RunMode" /><AttributeDefinitionTableRef Version="1.0" ID="{932D3FD0-2F6C-49BF-80CB-D1C3756D3868}" /><AttributeValue Name="AR_UUID_PortPrototype" Value="89be797f-62df-46b7-8a34-1e1f9b07581d" /></ObjectAttributeReference><ObjectAttributeReference ObjectType="Port Prototype"><ARObjectReference Type="R-PORT-PROTOTYPE" Reference="/ComponentType/CddHmi35up/rport_If_sr_IcButton" /><AttributeDefinitionTableRef Version="1.0" ID="{932D3FD0-2F6C-49BF-80CB-D1C3756D3868}" /><AttributeValue Name="AR_UUID_PortPrototype" Value="dad267b1-a98c-41e2-aeb1-8d5339b2e3b5" /></ObjectAttributeReference><ObjectAttributeReference ObjectType="Port Prototype"><ARObjectReference Type="R-PORT-PROTOTYPE" Reference="/ComponentType/CddHmi35up/rport_If_sr_Klb_LampStatus_To_Hmi" /><AttributeDefinitionTableRef Version="1.0" ID="{932D3FD0-2F6C-49BF-80CB-D1C3756D3868}" /><AttributeValue Name="AR_UUID_PortPrototype" Value="fbe59b23-9b12-41b0-a201-dba8a32e5a01" /></ObjectAttributeReference><ObjectAttributeReference ObjectType="Port Prototype"><ARObjectReference Type="R-PORT-PROTOTYPE" Reference="/ComponentType/CddHmi35up/rport_If_sr_Ldm_AccDcc" /><AttributeDefinitionTableRef Version="1.0" ID="{932D3FD0-2F6C-49BF-80CB-D1C3756D3868}" /><AttributeValue Name="AR_UUID_PortPrototype" Value="ae37ee89-61dd-438e-a52d-5ed0d41ea87b" /></ObjectAttributeReference><ObjectAttributeReference ObjectType="Port Prototype"><ARObjectReference Type="R-PORT-PROTOTYPE" Reference="/ComponentType/CddHmi35up/rport_If_sr_Ldm_Pointer" /><AttributeDefinitionTableRef Version="1.0" ID="{932D3FD0-2F6C-49BF-80CB-D1C3756D3868}" /><AttributeValue Name="AR_UUID_PortPrototype" Value="3ad2e486-bc5b-4abb-ae67-c04d6c150985" /></ObjectAttributeReference><ObjectAttributeReference ObjectType="Port Prototype"><ARObjectReference Type="R-PORT-PROTOTYPE" Reference="/ComponentType/CddHmi35up/rport_If_sr_Ldm_Sld" /><AttributeDefinitionTableRef Version="1.0" ID="{932D3FD0-2F6C-49BF-80CB-D1C3756D3868}" /><AttributeValue Name="AR_UUID_PortPrototype" Value="3631dfa4-890c-4d1d-be90-dc1c2b5e8c52" /></ObjectAttributeReference><ObjectAttributeReference ObjectType="Port Prototype"><ARObjectReference Type="R-PORT-PROTOTYPE" Reference="/ComponentType/CddHmi35up/rport_If_sr_Ldm_iBrake" /><AttributeDefinitionTableRef Version="1.0" ID="{932D3FD0-2F6C-49BF-80CB-D1C3756D3868}" /><AttributeValue Name="AR_UUID_PortPrototype" Value="e9f6a50f-eed4-468e-b544-359752e523a5" /></ObjectAttributeReference><ObjectAttributeReference ObjectType="Port Prototype"><ARObjectReference Type="R-PORT-PROTOTYPE" Reference="/ComponentType/CddHmi35up/rport_If_sr_Odo_To_Hmi" /><AttributeDefinitionTableRef Version="1.0" ID="{932D3FD0-2F6C-49BF-80CB-D1C3756D3868}" /><AttributeValue Name="AR_UUID_PortPrototype" Value="5a7e94ae-1c9d-40b2-b8c9-0fef25b9f796" /></ObjectAttributeReference><ObjectAttributeReference ObjectType="Port Prototype"><ARObjectReference Type="R-PORT-PROTOTYPE" Reference="/ComponentType/CddHmi35up/rport_If_sr_Rda" /><AttributeDefinitionTableRef Version="1.0" ID="{932D3FD0-2F6C-49BF-80CB-D1C3756D3868}" /><AttributeValue Name="AR_UUID_PortPrototype" Value="04f73adc-77b9-4481-a6a2-c358561bbaf7" /></ObjectAttributeReference><ObjectAttributeReference ObjectType="Port Prototype"><ARObjectReference Type="R-PORT-PROTOTYPE" Reference="/ComponentType/CddHmi35up/rport_If_sr_System" /><AttributeDefinitionTableRef Version="1.0" ID="{932D3FD0-2F6C-49BF-80CB-D1C3756D3868}" /><AttributeValue Name="AR_UUID_PortPrototype" Value="d3478771-bae0-4d88-bff4-ad55d949b7cb" /></ObjectAttributeReference><ObjectAttributeReference ObjectType="Port Prototype"><ARObjectReference Type="R-PORT-PROTOTYPE" Reference="/ComponentType/CddHmi35up/rport_If_sr_Tnk" /><AttributeDefinitionTableRef Version="1.0" ID="{932D3FD0-2F6C-49BF-80CB-D1C3756D3868}" /><AttributeValue Name="AR_UUID_PortPrototype" Value="481919f0-a578-434e-8155-9157b4ca6e64" /></ObjectAttributeReference><ObjectAttributeReference ObjectType="Port Prototype"><ARObjectReference Type="R-PORT-PROTOTYPE" Reference="/ComponentType/CddHmi35up/rport_If_sr_Tnk_To_Hmi" /><AttributeDefinitionTableRef Version="1.0" ID="{932D3FD0-2F6C-49BF-80CB-D1C3756D3868}" /><AttributeValue Name="AR_UUID_PortPrototype" Value="91e67ad2-02f3-49fe-9f8c-11e37732f0af" /></ObjectAttributeReference><ObjectAttributeReference ObjectType="Component Type"><ARObjectReference Type="APPLICATION-SW-COMPONENT-TYPE" Reference="/ComponentType/CddHmi35up" /><AttributeDefinitionTableRef Version="1.0" ID="{932D3FD0-2F6C-49BF-80CB-D1C3756D3868}" /><AttributeValue Name="AR_UUID_ComponentType" Value="631b357e-e6ae-4fd0-8894-f930be955625" /></ObjectAttributeReference></AttributeDefinition>