<?xml version="1.0" encoding="utf-8"?><AttributeDefinition xmlns:xsi="http://www.w3.org/2001/XMLSchema-instance" xmlns:xsd="http://www.w3.org/2001/XMLSchema" xsi:noNamespaceSchemaLocation="DaVinciEx_GenericAttributes_1_0.xsd" dvSchemaVersion="1.0"><AttributeDefinitionTable Version="1.0" ID="{932D3FD0-2F6C-49BF-80CB-D1C3756D3868}"><Attribute Name="AR_UUID_ArrayElementConstant" ObjectType="ArrayElementConstant"><STRING Default="" /></Attribute><Attribute Name="AR_UUID_ComponentType" ObjectType="ComponentType"><STRING Default="" /></Attribute><Attribute Name="AR_UUID_Constant" ObjectType="Constant"><STRING Default="" /></Attribute><Attribute Name="AR_UUID_DataElementPrototype" ObjectType="DataElementPrototype"><STRING Default="" /></Attribute><Attribute Name="AR_UUID_DataType" ObjectType="DataType"><STRING Default="" /></Attribute><Attribute Name="AR_UUID_OperationPrototype" ObjectType="OperationPrototype"><STRING Default="" /></Attribute><Attribute Name="AR_UUID_PortInterface" ObjectType="PortInterface"><STRING Default="" /></Attribute><Attribute Name="AR_UUID_PortPrototype" ObjectType="PortPrototype"><STRING Default="" /></Attribute><Attribute Name="AR_UUID_RecordElementConstant" ObjectType="RecordElementConstant"><STRING Default="" /></Attribute><Attribute Name="PAR_GROUP_EL" ObjectType="CalElementPrototype"><ENUM Default="VAR_CODING_DATA"><EnumValue Value="VAR_CODING_DATA" /></ENUM></Attribute></AttributeDefinitionTable><ObjectAttributeReference ObjectType="Port Prototype"><ARObjectReference Type="P-PORT-PROTOTYPE" Reference="/ComponentType/SwcKlb/pport_If_cs_Ccm_LampStatus_To_Klb" /><AttributeDefinitionTableRef Version="1.0" ID="{932D3FD0-2F6C-49BF-80CB-D1C3756D3868}" /><AttributeValue Name="AR_UUID_PortPrototype" Value="43dc8721-c633-43d7-9f5c-799d9685100a" /></ObjectAttributeReference><ObjectAttributeReference ObjectType="Port Prototype"><ARObjectReference Type="P-PORT-PROTOTYPE" Reference="/ComponentType/SwcKlb/pport_If_cs_Klb_Diag" /><AttributeDefinitionTableRef Version="1.0" ID="{932D3FD0-2F6C-49BF-80CB-D1C3756D3868}" /><AttributeValue Name="AR_UUID_PortPrototype" Value="e95c1c4c-925e-4ae2-a0f4-ea5e51ec7420" /></ObjectAttributeReference><ObjectAttributeReference ObjectType="Port Prototype"><ARObjectReference Type="P-PORT-PROTOTYPE" Reference="/ComponentType/SwcKlb/pport_If_sr_Klb_LampStatus_To_Hmi" /><AttributeDefinitionTableRef Version="1.0" ID="{932D3FD0-2F6C-49BF-80CB-D1C3756D3868}" /><AttributeValue Name="AR_UUID_PortPrototype" Value="36a05865-334a-4642-8d74-385f4dbb888d" /></ObjectAttributeReference><ObjectAttributeReference ObjectType="Port Prototype"><ARObjectReference Type="R-PORT-PROTOTYPE" Reference="/ComponentType/SwcKlb/rport_If_cs_Erm" /><AttributeDefinitionTableRef Version="1.0" ID="{932D3FD0-2F6C-49BF-80CB-D1C3756D3868}" /><AttributeValue Name="AR_UUID_PortPrototype" Value="3e80f214-5dc9-4811-af56-ac95ab11e051" /></ObjectAttributeReference><ObjectAttributeReference ObjectType="Port Prototype"><ARObjectReference Type="R-PORT-PROTOTYPE" Reference="/ComponentType/SwcKlb/rport_If_cs_Klb_To_Hardware" /><AttributeDefinitionTableRef Version="1.0" ID="{932D3FD0-2F6C-49BF-80CB-D1C3756D3868}" /><AttributeValue Name="AR_UUID_PortPrototype" Value="830796be-2288-404a-9734-5d5b08139fde" /></ObjectAttributeReference><ObjectAttributeReference ObjectType="Port Prototype"><ARObjectReference Type="R-PORT-PROTOTYPE" Reference="/ComponentType/SwcKlb/rport_If_sr_EcuM_CurrentMode" /><AttributeDefinitionTableRef Version="1.0" ID="{932D3FD0-2F6C-49BF-80CB-D1C3756D3868}" /><AttributeValue Name="AR_UUID_PortPrototype" Value="534059c7-9e32-44d8-b8b7-4e3baa6e4f20" /></ObjectAttributeReference><ObjectAttributeReference ObjectType="Port Prototype"><ARObjectReference Type="R-PORT-PROTOTYPE" Reference="/ComponentType/SwcKlb/rport_If_sr_Erm_Rx_Frame_BLINKEN" /><AttributeDefinitionTableRef Version="1.0" ID="{932D3FD0-2F6C-49BF-80CB-D1C3756D3868}" /><AttributeValue Name="AR_UUID_PortPrototype" Value="9b3095e5-e2bf-4695-886e-c6a410593fb4" /></ObjectAttributeReference><ObjectAttributeReference ObjectType="Port Prototype"><ARObjectReference Type="R-PORT-PROTOTYPE" Reference="/ComponentType/SwcKlb/rport_If_sr_Erm_Rx_Frame_LAMPENZUSTAND" /><AttributeDefinitionTableRef Version="1.0" ID="{932D3FD0-2F6C-49BF-80CB-D1C3756D3868}" /><AttributeValue Name="AR_UUID_PortPrototype" Value="ea87bbf2-2b32-452f-8e9e-2d29d18f85fe" /></ObjectAttributeReference><ObjectAttributeReference ObjectType="Port Prototype"><ARObjectReference Type="R-PORT-PROTOTYPE" Reference="/ComponentType/SwcKlb/rport_If_sr_Erm_Rx_Frame_ST_MAB_ASST" /><AttributeDefinitionTableRef Version="1.0" ID="{932D3FD0-2F6C-49BF-80CB-D1C3756D3868}" /><AttributeValue Name="AR_UUID_PortPrototype" Value="0319a9b3-33be-4ee5-af95-34e62e7b7db9" /></ObjectAttributeReference><ObjectAttributeReference ObjectType="Port Prototype"><ARObjectReference Type="R-PORT-PROTOTYPE" Reference="/ComponentType/SwcKlb/rport_If_sr_Fubi_RunMode" /><AttributeDefinitionTableRef Version="1.0" ID="{932D3FD0-2F6C-49BF-80CB-D1C3756D3868}" /><AttributeValue Name="AR_UUID_PortPrototype" Value="3b5f5e69-ccaf-4ece-bfcd-c692760edbc5" /></ObjectAttributeReference><ObjectAttributeReference ObjectType="Port Prototype"><ARObjectReference Type="R-PORT-PROTOTYPE" Reference="/ComponentType/SwcKlb/rport_If_sr_Speed" /><AttributeDefinitionTableRef Version="1.0" ID="{932D3FD0-2F6C-49BF-80CB-D1C3756D3868}" /><AttributeValue Name="AR_UUID_PortPrototype" Value="9b90ab0d-750f-48da-82f3-0f526a13dad8" /></ObjectAttributeReference><ObjectAttributeReference ObjectType="Port Prototype"><ARObjectReference Type="R-PORT-PROTOTYPE" Reference="/ComponentType/SwcKlb/rport_If_sr_System" /><AttributeDefinitionTableRef Version="1.0" ID="{932D3FD0-2F6C-49BF-80CB-D1C3756D3868}" /><AttributeValue Name="AR_UUID_PortPrototype" Value="d01604c4-9162-4c75-8f78-4fe5d0e25e13" /></ObjectAttributeReference><ObjectAttributeReference ObjectType="Component Type"><ARObjectReference Type="APPLICATION-SW-COMPONENT-TYPE" Reference="/ComponentType/SwcKlb" /><AttributeDefinitionTableRef Version="1.0" ID="{932D3FD0-2F6C-49BF-80CB-D1C3756D3868}" /><AttributeValue Name="AR_UUID_ComponentType" Value="079fd5ab-3ba7-44fa-9131-20374444d68d" /></ObjectAttributeReference></AttributeDefinition>