<?xml version="1.0" encoding="utf-8"?><AttributeDefinition xmlns:xsi="http://www.w3.org/2001/XMLSchema-instance" xmlns:xsd="http://www.w3.org/2001/XMLSchema" xsi:noNamespaceSchemaLocation="DaVinciEx_GenericAttributes_1_0.xsd" dvSchemaVersion="1.0"><AttributeDefinitionTable Version="1.0" ID="{932D3FD0-2F6C-49BF-80CB-D1C3756D3868}"><Attribute Name="AR_UUID_ArrayElementConstant" ObjectType="ArrayElementConstant"><STRING Default="" /></Attribute><Attribute Name="AR_UUID_ComponentType" ObjectType="ComponentType"><STRING Default="" /></Attribute><Attribute Name="AR_UUID_Constant" ObjectType="Constant"><STRING Default="" /></Attribute><Attribute Name="AR_UUID_DataElementPrototype" ObjectType="DataElementPrototype"><STRING Default="" /></Attribute><Attribute Name="AR_UUID_DataType" ObjectType="DataType"><STRING Default="" /></Attribute><Attribute Name="AR_UUID_OperationPrototype" ObjectType="OperationPrototype"><STRING Default="" /></Attribute><Attribute Name="AR_UUID_PortInterface" ObjectType="PortInterface"><STRING Default="" /></Attribute><Attribute Name="AR_UUID_PortPrototype" ObjectType="PortPrototype"><STRING Default="" /></Attribute><Attribute Name="AR_UUID_RecordElementConstant" ObjectType="RecordElementConstant"><STRING Default="" /></Attribute><Attribute Name="PAR_GROUP_EL" ObjectType="CalElementPrototype"><ENUM Default="VAR_CODING_DATA"><EnumValue Value="VAR_CODING_DATA" /></ENUM></Attribute></AttributeDefinitionTable><ObjectAttributeReference ObjectType="Port Prototype"><ARObjectReference Type="P-PORT-PROTOTYPE" Reference="/ComponentType/SwcOdo/pport_If_cs_Odo_Diag" /><AttributeDefinitionTableRef Version="1.0" ID="{932D3FD0-2F6C-49BF-80CB-D1C3756D3868}" /><AttributeValue Name="AR_UUID_PortPrototype" Value="33908543-2106-4bed-a959-c75d53271bcb" /></ObjectAttributeReference><ObjectAttributeReference ObjectType="Port Prototype"><ARObjectReference Type="P-PORT-PROTOTYPE" Reference="/ComponentType/SwcOdo/pport_If_cs_Odo_Rda" /><AttributeDefinitionTableRef Version="1.0" ID="{932D3FD0-2F6C-49BF-80CB-D1C3756D3868}" /><AttributeValue Name="AR_UUID_PortPrototype" Value="af8ddb42-de78-4dbb-aa90-7dc2e82c874d" /></ObjectAttributeReference><ObjectAttributeReference ObjectType="Port Prototype"><ARObjectReference Type="P-PORT-PROTOTYPE" Reference="/ComponentType/SwcOdo/pport_If_cs_Odo_TripCmd" /><AttributeDefinitionTableRef Version="1.0" ID="{932D3FD0-2F6C-49BF-80CB-D1C3756D3868}" /><AttributeValue Name="AR_UUID_PortPrototype" Value="f569093a-2f14-4485-a445-3d6380f098ca" /></ObjectAttributeReference><ObjectAttributeReference ObjectType="Port Prototype"><ARObjectReference Type="P-PORT-PROTOTYPE" Reference="/ComponentType/SwcOdo/pport_If_sr_Odo" /><AttributeDefinitionTableRef Version="1.0" ID="{932D3FD0-2F6C-49BF-80CB-D1C3756D3868}" /><AttributeValue Name="AR_UUID_PortPrototype" Value="b8e66d1c-c3d4-41ed-891d-b4a7e81acde2" /></ObjectAttributeReference><ObjectAttributeReference ObjectType="Port Prototype"><ARObjectReference Type="R-PORT-PROTOTYPE" Reference="/ComponentType/SwcOdo/rport_If_cs_Erm" /><AttributeDefinitionTableRef Version="1.0" ID="{932D3FD0-2F6C-49BF-80CB-D1C3756D3868}" /><AttributeValue Name="AR_UUID_PortPrototype" Value="b7ed73e9-3264-4772-80af-0d9d728fa723" /></ObjectAttributeReference><ObjectAttributeReference ObjectType="Port Prototype"><ARObjectReference Type="R-PORT-PROTOTYPE" Reference="/ComponentType/SwcOdo/rport_If_sr_EcuM_CurrentMode" /><AttributeDefinitionTableRef Version="1.0" ID="{932D3FD0-2F6C-49BF-80CB-D1C3756D3868}" /><AttributeValue Name="AR_UUID_PortPrototype" Value="a071a0bd-6dae-4ae9-b8da-3a1dfd6909c5" /></ObjectAttributeReference><ObjectAttributeReference ObjectType="Port Prototype"><ARObjectReference Type="R-PORT-PROTOTYPE" Reference="/ComponentType/SwcOdo/rport_If_sr_Erm_Rx_Frame_MILE_VEH" /><AttributeDefinitionTableRef Version="1.0" ID="{932D3FD0-2F6C-49BF-80CB-D1C3756D3868}" /><AttributeValue Name="AR_UUID_PortPrototype" Value="c13b7ff4-8b0e-4c5d-93b8-642ad041b2c4" /></ObjectAttributeReference><ObjectAttributeReference ObjectType="Port Prototype"><ARObjectReference Type="R-PORT-PROTOTYPE" Reference="/ComponentType/SwcOdo/rport_If_sr_Fubi_RunMode" /><AttributeDefinitionTableRef Version="1.0" ID="{932D3FD0-2F6C-49BF-80CB-D1C3756D3868}" /><AttributeValue Name="AR_UUID_PortPrototype" Value="fcf51b94-00b4-4678-b894-0906638c6aac" /></ObjectAttributeReference><ObjectAttributeReference ObjectType="Port Prototype"><ARObjectReference Type="R-PORT-PROTOTYPE" Reference="/ComponentType/SwcOdo/rport_If_sr_Hmi_RequestOdo" /><AttributeDefinitionTableRef Version="1.0" ID="{932D3FD0-2F6C-49BF-80CB-D1C3756D3868}" /><AttributeValue Name="AR_UUID_PortPrototype" Value="c6cdf9dd-dc26-42a4-9fcb-c7747a77d2c4" /></ObjectAttributeReference><ObjectAttributeReference ObjectType="Port Prototype"><ARObjectReference Type="R-PORT-PROTOTYPE" Reference="/ComponentType/SwcOdo/rport_If_sr_Odo_Limits" /><AttributeDefinitionTableRef Version="1.0" ID="{932D3FD0-2F6C-49BF-80CB-D1C3756D3868}" /><AttributeValue Name="AR_UUID_PortPrototype" Value="045438e6-3d33-4d6f-ba8d-7d0b027af12f" /></ObjectAttributeReference><ObjectAttributeReference ObjectType="Port Prototype"><ARObjectReference Type="R-PORT-PROTOTYPE" Reference="/ComponentType/SwcOdo/rport_If_sr_Rda" /><AttributeDefinitionTableRef Version="1.0" ID="{932D3FD0-2F6C-49BF-80CB-D1C3756D3868}" /><AttributeValue Name="AR_UUID_PortPrototype" Value="f2ed3830-2e50-46db-aab6-8b7d262f1579" /></ObjectAttributeReference><ObjectAttributeReference ObjectType="Port Prototype"><ARObjectReference Type="R-PORT-PROTOTYPE" Reference="/ComponentType/SwcOdo/rport_If_sr_System" /><AttributeDefinitionTableRef Version="1.0" ID="{932D3FD0-2F6C-49BF-80CB-D1C3756D3868}" /><AttributeValue Name="AR_UUID_PortPrototype" Value="6db54f03-a203-4277-9c0a-f253591b82f4" /></ObjectAttributeReference><ObjectAttributeReference ObjectType="Component Type"><ARObjectReference Type="APPLICATION-SW-COMPONENT-TYPE" Reference="/ComponentType/SwcOdo" /><AttributeDefinitionTableRef Version="1.0" ID="{932D3FD0-2F6C-49BF-80CB-D1C3756D3868}" /><AttributeValue Name="AR_UUID_ComponentType" Value="10053cf7-97ca-4b89-b008-75ff31dcef36" /></ObjectAttributeReference></AttributeDefinition>