<?xml version="1.0" encoding="utf-8"?><AttributeDefinition xmlns:xsi="http://www.w3.org/2001/XMLSchema-instance" xmlns:xsd="http://www.w3.org/2001/XMLSchema" xsi:noNamespaceSchemaLocation="DaVinciEx_GenericAttributes_1_0.xsd" dvSchemaVersion="1.0"><AttributeDefinitionTable Version="1.0" ID="{932D3FD0-2F6C-49BF-80CB-D1C3756D3868}"><Attribute Name="AR_UUID_ArrayElementConstant" ObjectType="ArrayElementConstant"><STRING Default="" /></Attribute><Attribute Name="AR_UUID_ComponentType" ObjectType="ComponentType"><STRING Default="" /></Attribute><Attribute Name="AR_UUID_Constant" ObjectType="Constant"><STRING Default="" /></Attribute><Attribute Name="AR_UUID_DataElementPrototype" ObjectType="DataElementPrototype"><STRING Default="" /></Attribute><Attribute Name="AR_UUID_DataType" ObjectType="DataType"><STRING Default="" /></Attribute><Attribute Name="AR_UUID_OperationPrototype" ObjectType="OperationPrototype"><STRING Default="" /></Attribute><Attribute Name="AR_UUID_PortInterface" ObjectType="PortInterface"><STRING Default="" /></Attribute><Attribute Name="AR_UUID_PortPrototype" ObjectType="PortPrototype"><STRING Default="" /></Attribute><Attribute Name="AR_UUID_RecordElementConstant" ObjectType="RecordElementConstant"><STRING Default="" /></Attribute><Attribute Name="PAR_GROUP_EL" ObjectType="CalElementPrototype"><ENUM Default="VAR_CODING_DATA"><EnumValue Value="VAR_CODING_DATA" /></ENUM></Attribute></AttributeDefinitionTable><ObjectAttributeReference ObjectType="Port Prototype"><ARObjectReference Type="P-PORT-PROTOTYPE" Reference="/ComponentType/SwcCbs/pport_If_cs_Cbs_Diag" /><AttributeDefinitionTableRef Version="1.0" ID="{932D3FD0-2F6C-49BF-80CB-D1C3756D3868}" /><AttributeValue Name="AR_UUID_PortPrototype" Value="f50c876e-ffb9-45b8-94be-d325498ba077" /></ObjectAttributeReference><ObjectAttributeReference ObjectType="Port Prototype"><ARObjectReference Type="P-PORT-PROTOTYPE" Reference="/ComponentType/SwcCbs/pport_If_cs_Cbs_External" /><AttributeDefinitionTableRef Version="1.0" ID="{932D3FD0-2F6C-49BF-80CB-D1C3756D3868}" /><AttributeValue Name="AR_UUID_PortPrototype" Value="0718984c-c2cd-431a-8c50-fc9863ffb897" /></ObjectAttributeReference><ObjectAttributeReference ObjectType="Port Prototype"><ARObjectReference Type="P-PORT-PROTOTYPE" Reference="/ComponentType/SwcCbs/pport_If_cs_Cbs_Modification" /><AttributeDefinitionTableRef Version="1.0" ID="{932D3FD0-2F6C-49BF-80CB-D1C3756D3868}" /><AttributeValue Name="AR_UUID_PortPrototype" Value="4a52d968-c56a-4967-9ab7-85e5ababb8d3" /></ObjectAttributeReference><ObjectAttributeReference ObjectType="Port Prototype"><ARObjectReference Type="P-PORT-PROTOTYPE" Reference="/ComponentType/SwcCbs/pport_If_cs_Cbs_NvmData" /><AttributeDefinitionTableRef Version="1.0" ID="{932D3FD0-2F6C-49BF-80CB-D1C3756D3868}" /><AttributeValue Name="AR_UUID_PortPrototype" Value="99818de4-aba6-43f3-a873-e501ca0e9ac9" /></ObjectAttributeReference><ObjectAttributeReference ObjectType="Port Prototype"><ARObjectReference Type="P-PORT-PROTOTYPE" Reference="/ComponentType/SwcCbs/pport_If_cs_Cbs_QueryData" /><AttributeDefinitionTableRef Version="1.0" ID="{932D3FD0-2F6C-49BF-80CB-D1C3756D3868}" /><AttributeValue Name="AR_UUID_PortPrototype" Value="48b46f2b-836e-421b-aa0d-e0b43a6438e6" /></ObjectAttributeReference><ObjectAttributeReference ObjectType="Port Prototype"><ARObjectReference Type="P-PORT-PROTOTYPE" Reference="/ComponentType/SwcCbs/pport_If_cs_Cbs_ServiceCall" /><AttributeDefinitionTableRef Version="1.0" ID="{932D3FD0-2F6C-49BF-80CB-D1C3756D3868}" /><AttributeValue Name="AR_UUID_PortPrototype" Value="fd931013-042d-4757-a6a7-1dea1ccee190" /></ObjectAttributeReference><ObjectAttributeReference ObjectType="Port Prototype"><ARObjectReference Type="P-PORT-PROTOTYPE" Reference="/ComponentType/SwcCbs/pport_If_cs_Rda_CbsCommunication" /><AttributeDefinitionTableRef Version="1.0" ID="{932D3FD0-2F6C-49BF-80CB-D1C3756D3868}" /><AttributeValue Name="AR_UUID_PortPrototype" Value="f12e5463-da7a-4150-ab09-035bd93b0273" /></ObjectAttributeReference><ObjectAttributeReference ObjectType="Port Prototype"><ARObjectReference Type="P-PORT-PROTOTYPE" Reference="/ComponentType/SwcCbs/pport_If_sr_Odo_Limits" /><AttributeDefinitionTableRef Version="1.0" ID="{932D3FD0-2F6C-49BF-80CB-D1C3756D3868}" /><AttributeValue Name="AR_UUID_PortPrototype" Value="a50f0865-5a22-48fe-aa1b-e9ddd2ea231d" /></ObjectAttributeReference><ObjectAttributeReference ObjectType="Port Prototype"><ARObjectReference Type="R-PORT-PROTOTYPE" Reference="/ComponentType/SwcCbs/rport_If_cs_CbsWrp_SetClrCcMessage" /><AttributeDefinitionTableRef Version="1.0" ID="{932D3FD0-2F6C-49BF-80CB-D1C3756D3868}" /><AttributeValue Name="AR_UUID_PortPrototype" Value="81582eca-4603-4dea-8fb6-6355b80a602d" /></ObjectAttributeReference><ObjectAttributeReference ObjectType="Port Prototype"><ARObjectReference Type="R-PORT-PROTOTYPE" Reference="/ComponentType/SwcCbs/rport_If_cs_Cbs_TCU" /><AttributeDefinitionTableRef Version="1.0" ID="{932D3FD0-2F6C-49BF-80CB-D1C3756D3868}" /><AttributeValue Name="AR_UUID_PortPrototype" Value="1fdfd3d4-17cd-4ca9-aeea-a24066ac2897" /></ObjectAttributeReference><ObjectAttributeReference ObjectType="Port Prototype"><ARObjectReference Type="R-PORT-PROTOTYPE" Reference="/ComponentType/SwcCbs/rport_If_cs_Erm" /><AttributeDefinitionTableRef Version="1.0" ID="{932D3FD0-2F6C-49BF-80CB-D1C3756D3868}" /><AttributeValue Name="AR_UUID_PortPrototype" Value="cfe37b84-b99b-41c3-9b85-c5ed78df5358" /></ObjectAttributeReference><ObjectAttributeReference ObjectType="Port Prototype"><ARObjectReference Type="R-PORT-PROTOTYPE" Reference="/ComponentType/SwcCbs/rport_If_cs_Rda_CbsCommunication" /><AttributeDefinitionTableRef Version="1.0" ID="{932D3FD0-2F6C-49BF-80CB-D1C3756D3868}" /><AttributeValue Name="AR_UUID_PortPrototype" Value="bc11b3b1-2bcb-4a21-a860-5cf5474b7138" /></ObjectAttributeReference><ObjectAttributeReference ObjectType="Port Prototype"><ARObjectReference Type="R-PORT-PROTOTYPE" Reference="/ComponentType/SwcCbs/rport_If_sr_Clock" /><AttributeDefinitionTableRef Version="1.0" ID="{932D3FD0-2F6C-49BF-80CB-D1C3756D3868}" /><AttributeValue Name="AR_UUID_PortPrototype" Value="fe7e29c2-8371-44dc-a7ef-58bbbe9850c0" /></ObjectAttributeReference><ObjectAttributeReference ObjectType="Port Prototype"><ARObjectReference Type="R-PORT-PROTOTYPE" Reference="/ComponentType/SwcCbs/rport_If_sr_EcuM_CurrentMode" /><AttributeDefinitionTableRef Version="1.0" ID="{932D3FD0-2F6C-49BF-80CB-D1C3756D3868}" /><AttributeValue Name="AR_UUID_PortPrototype" Value="6273731e-e9bf-4fcb-9a54-8b5b7a2c7591" /></ObjectAttributeReference><ObjectAttributeReference ObjectType="Port Prototype"><ARObjectReference Type="R-PORT-PROTOTYPE" Reference="/ComponentType/SwcCbs/rport_If_sr_Fubi_RunMode" /><AttributeDefinitionTableRef Version="1.0" ID="{932D3FD0-2F6C-49BF-80CB-D1C3756D3868}" /><AttributeValue Name="AR_UUID_PortPrototype" Value="f09de332-bdc1-42f8-9697-7d5425c78ac9" /></ObjectAttributeReference><ObjectAttributeReference ObjectType="Port Prototype"><ARObjectReference Type="R-PORT-PROTOTYPE" Reference="/ComponentType/SwcCbs/rport_If_sr_Odo" /><AttributeDefinitionTableRef Version="1.0" ID="{932D3FD0-2F6C-49BF-80CB-D1C3756D3868}" /><AttributeValue Name="AR_UUID_PortPrototype" Value="db36d76d-30a1-430d-ace6-5eb2678d57e4" /></ObjectAttributeReference><ObjectAttributeReference ObjectType="Port Prototype"><ARObjectReference Type="R-PORT-PROTOTYPE" Reference="/ComponentType/SwcCbs/rport_If_sr_Rda" /><AttributeDefinitionTableRef Version="1.0" ID="{932D3FD0-2F6C-49BF-80CB-D1C3756D3868}" /><AttributeValue Name="AR_UUID_PortPrototype" Value="88cc7d46-9ca9-4983-9c45-2b4bc87fe554" /></ObjectAttributeReference><ObjectAttributeReference ObjectType="Port Prototype"><ARObjectReference Type="R-PORT-PROTOTYPE" Reference="/ComponentType/SwcCbs/rport_If_sr_Speed" /><AttributeDefinitionTableRef Version="1.0" ID="{932D3FD0-2F6C-49BF-80CB-D1C3756D3868}" /><AttributeValue Name="AR_UUID_PortPrototype" Value="41528bfb-7d6c-43f3-b82e-a848582ffbf0" /></ObjectAttributeReference><ObjectAttributeReference ObjectType="Port Prototype"><ARObjectReference Type="R-PORT-PROTOTYPE" Reference="/ComponentType/SwcCbs/rport_If_sr_System" /><AttributeDefinitionTableRef Version="1.0" ID="{932D3FD0-2F6C-49BF-80CB-D1C3756D3868}" /><AttributeValue Name="AR_UUID_PortPrototype" Value="59449350-b4c2-484e-a6ff-f473ede67f4f" /></ObjectAttributeReference><ObjectAttributeReference ObjectType="Port Prototype"><ARObjectReference Type="R-PORT-PROTOTYPE" Reference="/ComponentType/SwcCbs/rport_NvMService_CbsNvLearnedData" /><AttributeDefinitionTableRef Version="1.0" ID="{932D3FD0-2F6C-49BF-80CB-D1C3756D3868}" /><AttributeValue Name="AR_UUID_PortPrototype" Value="0864b2ef-eed3-459d-800e-c851c7855746" /></ObjectAttributeReference><ObjectAttributeReference ObjectType="Component Type"><ARObjectReference Type="APPLICATION-SW-COMPONENT-TYPE" Reference="/ComponentType/SwcCbs" /><AttributeDefinitionTableRef Version="1.0" ID="{932D3FD0-2F6C-49BF-80CB-D1C3756D3868}" /><AttributeValue Name="AR_UUID_ComponentType" Value="8c53be5a-5071-4a0c-b3c5-a92701699edc" /></ObjectAttributeReference></AttributeDefinition>