<?xml version="1.0" encoding="utf-8"?><AttributeDefinition xmlns:xsi="http://www.w3.org/2001/XMLSchema-instance" xmlns:xsd="http://www.w3.org/2001/XMLSchema" xsi:noNamespaceSchemaLocation="DaVinciEx_GenericAttributes_1_0.xsd" dvSchemaVersion="1.0"><AttributeDefinitionTable Version="1.0" ID="{932D3FD0-2F6C-49BF-80CB-D1C3756D3868}"><Attribute Name="AR_UUID_ArrayElementConstant" ObjectType="ArrayElementConstant"><STRING Default="" /></Attribute><Attribute Name="AR_UUID_ComponentType" ObjectType="ComponentType"><STRING Default="" /></Attribute><Attribute Name="AR_UUID_Constant" ObjectType="Constant"><STRING Default="" /></Attribute><Attribute Name="AR_UUID_DataElementPrototype" ObjectType="DataElementPrototype"><STRING Default="" /></Attribute><Attribute Name="AR_UUID_DataType" ObjectType="DataType"><STRING Default="" /></Attribute><Attribute Name="AR_UUID_OperationPrototype" ObjectType="OperationPrototype"><STRING Default="" /></Attribute><Attribute Name="AR_UUID_PortInterface" ObjectType="PortInterface"><STRING Default="" /></Attribute><Attribute Name="AR_UUID_PortPrototype" ObjectType="PortPrototype"><STRING Default="" /></Attribute><Attribute Name="AR_UUID_RecordElementConstant" ObjectType="RecordElementConstant"><STRING Default="" /></Attribute><Attribute Name="PAR_GROUP_EL" ObjectType="CalElementPrototype"><ENUM Default="VAR_CODING_DATA"><EnumValue Value="VAR_CODING_DATA" /></ENUM></Attribute></AttributeDefinitionTable><ObjectAttributeReference ObjectType="Port Prototype"><ARObjectReference Type="P-PORT-PROTOTYPE" Reference="/ComponentType/SwcUcv/pport_If_cs_Ucv_Converter" /><AttributeDefinitionTableRef Version="1.0" ID="{932D3FD0-2F6C-49BF-80CB-D1C3756D3868}" /><AttributeValue Name="AR_UUID_PortPrototype" Value="6f8ffba1-2933-435d-8b9d-0d8bcf9d1c79" /></ObjectAttributeReference><ObjectAttributeReference ObjectType="Port Prototype"><ARObjectReference Type="P-PORT-PROTOTYPE" Reference="/ComponentType/SwcUcv/pport_If_sr_Atp_To_Hmi" /><AttributeDefinitionTableRef Version="1.0" ID="{932D3FD0-2F6C-49BF-80CB-D1C3756D3868}" /><AttributeValue Name="AR_UUID_PortPrototype" Value="35f51b1c-cede-44c2-bb70-d0fbba44aca9" /></ObjectAttributeReference><ObjectAttributeReference ObjectType="Port Prototype"><ARObjectReference Type="P-PORT-PROTOTYPE" Reference="/ComponentType/SwcUcv/pport_If_sr_Bc_Average_To_Hmi" /><AttributeDefinitionTableRef Version="1.0" ID="{932D3FD0-2F6C-49BF-80CB-D1C3756D3868}" /><AttributeValue Name="AR_UUID_PortPrototype" Value="71a38141-6e47-48e5-85ab-00320711a1a7" /></ObjectAttributeReference><ObjectAttributeReference ObjectType="Port Prototype"><ARObjectReference Type="P-PORT-PROTOTYPE" Reference="/ComponentType/SwcUcv/pport_If_sr_Bc_Consumption_To_Hmi" /><AttributeDefinitionTableRef Version="1.0" ID="{932D3FD0-2F6C-49BF-80CB-D1C3756D3868}" /><AttributeValue Name="AR_UUID_PortPrototype" Value="e7c37f69-366e-403c-a05c-d26bf7873e96" /></ObjectAttributeReference><ObjectAttributeReference ObjectType="Port Prototype"><ARObjectReference Type="P-PORT-PROTOTYPE" Reference="/ComponentType/SwcUcv/pport_If_sr_Bc_Range_To_Hmi" /><AttributeDefinitionTableRef Version="1.0" ID="{932D3FD0-2F6C-49BF-80CB-D1C3756D3868}" /><AttributeValue Name="AR_UUID_PortPrototype" Value="17c5fde6-5f45-42fc-8b88-e7fb673c90ea" /></ObjectAttributeReference><ObjectAttributeReference ObjectType="Port Prototype"><ARObjectReference Type="P-PORT-PROTOTYPE" Reference="/ComponentType/SwcUcv/pport_If_sr_Bc_Speed_To_Hmi" /><AttributeDefinitionTableRef Version="1.0" ID="{932D3FD0-2F6C-49BF-80CB-D1C3756D3868}" /><AttributeValue Name="AR_UUID_PortPrototype" Value="b58cf6a4-e9db-4f31-9383-c8eb09b05fb6" /></ObjectAttributeReference><ObjectAttributeReference ObjectType="Port Prototype"><ARObjectReference Type="P-PORT-PROTOTYPE" Reference="/ComponentType/SwcUcv/pport_If_sr_Odo_To_Hmi" /><AttributeDefinitionTableRef Version="1.0" ID="{932D3FD0-2F6C-49BF-80CB-D1C3756D3868}" /><AttributeValue Name="AR_UUID_PortPrototype" Value="de1cc108-f821-4f0a-9ecd-915c1b07b0de" /></ObjectAttributeReference><ObjectAttributeReference ObjectType="Port Prototype"><ARObjectReference Type="P-PORT-PROTOTYPE" Reference="/ComponentType/SwcUcv/pport_If_sr_Port_Tx_KILOMETERSTAND" /><AttributeDefinitionTableRef Version="1.0" ID="{932D3FD0-2F6C-49BF-80CB-D1C3756D3868}" /><AttributeValue Name="AR_UUID_PortPrototype" Value="a60d285e-4fe1-4123-a09f-6aaa15ea9334" /></ObjectAttributeReference><ObjectAttributeReference ObjectType="Port Prototype"><ARObjectReference Type="P-PORT-PROTOTYPE" Reference="/ComponentType/SwcUcv/pport_If_sr_Tnk_To_Hmi" /><AttributeDefinitionTableRef Version="1.0" ID="{932D3FD0-2F6C-49BF-80CB-D1C3756D3868}" /><AttributeValue Name="AR_UUID_PortPrototype" Value="e4c0ab3e-dd06-43c3-bca7-5c0eac4a2c74" /></ObjectAttributeReference><ObjectAttributeReference ObjectType="Port Prototype"><ARObjectReference Type="R-PORT-PROTOTYPE" Reference="/ComponentType/SwcUcv/rport_If_sr_Atp" /><AttributeDefinitionTableRef Version="1.0" ID="{932D3FD0-2F6C-49BF-80CB-D1C3756D3868}" /><AttributeValue Name="AR_UUID_PortPrototype" Value="2cceae76-624c-47aa-a743-fbce536afd2c" /></ObjectAttributeReference><ObjectAttributeReference ObjectType="Port Prototype"><ARObjectReference Type="R-PORT-PROTOTYPE" Reference="/ComponentType/SwcUcv/rport_If_sr_Bc_Average" /><AttributeDefinitionTableRef Version="1.0" ID="{932D3FD0-2F6C-49BF-80CB-D1C3756D3868}" /><AttributeValue Name="AR_UUID_PortPrototype" Value="42db7446-2d5d-483b-ad42-7e259c5df932" /></ObjectAttributeReference><ObjectAttributeReference ObjectType="Port Prototype"><ARObjectReference Type="R-PORT-PROTOTYPE" Reference="/ComponentType/SwcUcv/rport_If_sr_Bc_Consumption" /><AttributeDefinitionTableRef Version="1.0" ID="{932D3FD0-2F6C-49BF-80CB-D1C3756D3868}" /><AttributeValue Name="AR_UUID_PortPrototype" Value="a2a976d5-68a7-4954-9ad7-224ca3f16ff1" /></ObjectAttributeReference><ObjectAttributeReference ObjectType="Port Prototype"><ARObjectReference Type="R-PORT-PROTOTYPE" Reference="/ComponentType/SwcUcv/rport_If_sr_Bc_Range" /><AttributeDefinitionTableRef Version="1.0" ID="{932D3FD0-2F6C-49BF-80CB-D1C3756D3868}" /><AttributeValue Name="AR_UUID_PortPrototype" Value="f0b145cb-cbd4-44fc-ab39-885bfaa38338" /></ObjectAttributeReference><ObjectAttributeReference ObjectType="Port Prototype"><ARObjectReference Type="R-PORT-PROTOTYPE" Reference="/ComponentType/SwcUcv/rport_If_sr_Bc_Speed" /><AttributeDefinitionTableRef Version="1.0" ID="{932D3FD0-2F6C-49BF-80CB-D1C3756D3868}" /><AttributeValue Name="AR_UUID_PortPrototype" Value="9becbdfd-62b6-4b5b-b389-8a01340dce48" /></ObjectAttributeReference><ObjectAttributeReference ObjectType="Port Prototype"><ARObjectReference Type="R-PORT-PROTOTYPE" Reference="/ComponentType/SwcUcv/rport_If_sr_EcuM_CurrentMode" /><AttributeDefinitionTableRef Version="1.0" ID="{932D3FD0-2F6C-49BF-80CB-D1C3756D3868}" /><AttributeValue Name="AR_UUID_PortPrototype" Value="3582e7a9-6eac-4a5b-b70d-cb693699d319" /></ObjectAttributeReference><ObjectAttributeReference ObjectType="Port Prototype"><ARObjectReference Type="R-PORT-PROTOTYPE" Reference="/ComponentType/SwcUcv/rport_If_sr_Fubi_RunMode" /><AttributeDefinitionTableRef Version="1.0" ID="{932D3FD0-2F6C-49BF-80CB-D1C3756D3868}" /><AttributeValue Name="AR_UUID_PortPrototype" Value="633c0179-7582-409f-8cfe-92433146a4f8" /></ObjectAttributeReference><ObjectAttributeReference ObjectType="Port Prototype"><ARObjectReference Type="R-PORT-PROTOTYPE" Reference="/ComponentType/SwcUcv/rport_If_sr_Odo" /><AttributeDefinitionTableRef Version="1.0" ID="{932D3FD0-2F6C-49BF-80CB-D1C3756D3868}" /><AttributeValue Name="AR_UUID_PortPrototype" Value="442fbe7f-95f3-420e-b0af-e2560a48755a" /></ObjectAttributeReference><ObjectAttributeReference ObjectType="Port Prototype"><ARObjectReference Type="R-PORT-PROTOTYPE" Reference="/ComponentType/SwcUcv/rport_If_sr_Rda" /><AttributeDefinitionTableRef Version="1.0" ID="{932D3FD0-2F6C-49BF-80CB-D1C3756D3868}" /><AttributeValue Name="AR_UUID_PortPrototype" Value="a55d59f4-b535-4ea9-950f-f1775c6bbc25" /></ObjectAttributeReference><ObjectAttributeReference ObjectType="Port Prototype"><ARObjectReference Type="R-PORT-PROTOTYPE" Reference="/ComponentType/SwcUcv/rport_If_sr_System" /><AttributeDefinitionTableRef Version="1.0" ID="{932D3FD0-2F6C-49BF-80CB-D1C3756D3868}" /><AttributeValue Name="AR_UUID_PortPrototype" Value="dff4d4c8-1610-4692-aa90-a0e2ce1bc9b7" /></ObjectAttributeReference><ObjectAttributeReference ObjectType="Port Prototype"><ARObjectReference Type="R-PORT-PROTOTYPE" Reference="/ComponentType/SwcUcv/rport_If_sr_Tnk" /><AttributeDefinitionTableRef Version="1.0" ID="{932D3FD0-2F6C-49BF-80CB-D1C3756D3868}" /><AttributeValue Name="AR_UUID_PortPrototype" Value="8d9db409-b15b-4bec-ac1e-26d5b81de8ff" /></ObjectAttributeReference><ObjectAttributeReference ObjectType="Component Type"><ARObjectReference Type="APPLICATION-SW-COMPONENT-TYPE" Reference="/ComponentType/SwcUcv" /><AttributeDefinitionTableRef Version="1.0" ID="{932D3FD0-2F6C-49BF-80CB-D1C3756D3868}" /><AttributeValue Name="AR_UUID_ComponentType" Value="406813be-21e9-4656-bc0a-4dd44eb02ff5" /></ObjectAttributeReference></AttributeDefinition>