StateGroup;;Session;Session;Session;Session;Session;Session;Session;Session;Session;Session;Session;SecurityAccess;SecurityAccess;SecurityAccess;SecurityAccess;SecurityAccess;SecurityAccess;SecurityAccess
Prefix;Service;EXTENDED_DIAGNOSTIC_SESSION_APP;DEFAULT_SESSION_APP;DEVELOPMENT_SESSION_APP;HDD_DOWNLOAD_SESSION_APP;CODING_SESSION_APP;SWT_SESSION_APP;EXTENDED_DIAGNOSTIC_SESSION_BOOT;DEFAULT_SESSION_BOOT;PROGRAMMING_SESSION_BOOT;EOL_SESSION_APP;SYSTEM_SUPPLIER_SPECIFIC_61_APP;LOCKED;UNLOCKED_LVL_1;UNLOCKED_LVL_11;UNLOCKED_LVL_13;UNLOCKED_LVL_15;UNLOCKED_LVL_17;UNLOCKED_LVL_5F
19 0A;RDTCI_READ_DTC_INFORMATION_0A_SUPPORTED_DTC;(yes);(yes);(yes);(yes);(yes);(yes);(no);(no);(no);(no);(no);;;;;;;
27 14;SA_SA_14_SEND_KEY;(yes);(no);(no);(no);(no);(yes);(no);(no);(no);(no);(no);UNLOCKED_LVL_13;UNLOCKED_LVL_13;UNLOCKED_LVL_13;UNLOCKED_LVL_13;UNLOCKED_LVL_13;UNLOCKED_LVL_13;UNLOCKED_LVL_13
11 03;ER_STEUERGERAETE_RESET_SOFT;(yes);(yes);(yes);(yes);(yes);(yes);(yes);(yes);(yes);(no);(no);;;;;;;
85 01;CDTCS_CONTROL_DTC_SETTING_ON;(yes);(yes);(yes);(yes);(no);(yes);(no);(yes);(no);(no);(no);;;;;;;
86 40;"ROE_STEUERN_ROE_PERSISTENT_STOP
ROE_RESPONSE_ON_EVENT_PERSISTENT_STOP";(yes);(yes);(yes);(yes);(yes);(yes);(no);(no);(no);(no);(no);;;;;;;
28 01;CC_COMMUNICATION_CONTROL_RX_ON_TX_OFF;(yes);(no);(no);(no);(no);(no);(yes);(no);(no);(no);(no);;;;;;;
10 42;DSC_SWT_SESSION;SWT_SESSION_APP;(no);SWT_SESSION_APP;SWT_SESSION_APP;(no);SWT_SESSION_APP;(no);(no);(no);SWT_SESSION_APP;(no);LOCKED;LOCKED;LOCKED;LOCKED;LOCKED;LOCKED;LOCKED
28 00;CC_COMMUNICATION_CONTROL_RX_ON_TX_ON;(yes);(no);(no);(no);(no);(no);(yes);(no);(no);(no);(no);;;;;;;
86 04;"ROE_RESPONSE_ON_EVENT_REPORT
ROE_STATUS_ROE_REPORT";(yes);(yes);(yes);(yes);(yes);(yes);(no);(no);(no);(no);(no);;;;;;;
27 60;SA_SA_60_SEND_KEY;(yes);(no);(no);(no);(no);(no);(no);(no);(no);(no);(no);UNLOCKED_LVL_5F;UNLOCKED_LVL_5F;UNLOCKED_LVL_5F;UNLOCKED_LVL_5F;UNLOCKED_LVL_5F;UNLOCKED_LVL_5F;UNLOCKED_LVL_5F
10 00;DSC_DIAGNOSE_MODE;(yes);(yes);(yes);(yes);(yes);(yes);(yes);(yes);(yes);(no);(no);;;;;;;
19 09;RDTCI_READ_DTC_INFORMATION_09_SEVERITY_INFORMATION_OF_DTC;(yes);(yes);(yes);(no);(no);(no);(no);(no);(no);(no);(no);;;;;;;
27 11;SA_SA_11_REQUEST_SEED;(no);(no);(no);(no);(no);(no);(no);(no);(yes);(no);(no);(yes);(yes);(yes);(yes);(yes);(yes);(yes)
27 13;SA_SA_13_REQUEST_SEED;(yes);(no);(no);(no);(no);(yes);(no);(no);(no);(no);(no);(yes);(yes);(yes);(yes);(yes);(yes);(yes)
22 25 02;RDBI_PROG_ZAEHLER_LESEN;(yes);(yes);(yes);(yes);(yes);(yes);(yes);(yes);(yes);(no);(no);;;;;;;
10 02;DSC_PROGRAMMING_SESSION;PROGRAMMING_SESSION_BOOT;(no);PROGRAMMING_SESSION_BOOT;PROGRAMMING_SESSION_BOOT;(no);PROGRAMMING_SESSION_BOOT;(yes);(no);PROGRAMMING_SESSION_BOOT;PROGRAMMING_SESSION_BOOT;(no);LOCKED;LOCKED;LOCKED;LOCKED;LOCKED;LOCKED;LOCKED
27 15;SA_SA_15_REQUEST_SEED;(yes);(no);(no);(no);(no);(no);(no);(no);(no);(no);(no);(yes);(yes);(yes);(yes);(yes);(yes);(yes)
27 5F;SA_SA_5F_REQUEST_SEED;(yes);(no);(no);(no);(no);(no);(no);(no);(no);(no);(no);(yes);(yes);(yes);(yes);(yes);(yes);(yes)
11 41;ER_POWER_DOWN;(yes);(yes);(yes);(yes);(yes);(yes);(no);(no);(no);(no);(no);;;;;;;
10 41;DSC_CODING_SESSION;CODING_SESSION_APP;(no);(no);(no);CODING_SESSION_APP;(no);(no);(no);(no);CODING_SESSION_APP;(no);LOCKED;LOCKED;LOCKED;LOCKED;LOCKED;LOCKED;LOCKED
36;TD_TRANSFER_DATA;(no);(no);(yes);(yes);(no);(yes);(no);(no);(yes);(no);(no);;;;;;;
37;RTE_REQUEST_TRANSFER_EXIT;(no);(no);(yes);(yes);(no);(yes);(no);(no);(yes);(no);(no);;;;;;;
85;CDTCS_FS_SPERREN;(yes);(no);(yes);(yes);(no);(yes);(no);(no);(no);(no);(no);;;;;;;
34;RD_REQUEST_DOWNLOAD;(no);(no);(yes);(yes);(no);(yes);(no);(no);(yes);(no);(no);;;;;;;
27 01;SA_SA_01_REQUEST_SEED;(no);(no);(no);(no);(yes);(no);(no);(no);(no);(no);(no);(yes);(yes);(yes);(yes);(yes);(yes);(yes)
28 02;CC_COMMUNICATION_CONTROL_RX_OFF_TX_ON;(yes);(no);(no);(no);(no);(no);(yes);(no);(no);(no);(no);;;;;;;
27 16;SA_SA_16_SEND_KEY;(yes);(no);(no);(no);(no);(no);(no);(no);(no);(no);(no);UNLOCKED_LVL_15;UNLOCKED_LVL_15;UNLOCKED_LVL_15;UNLOCKED_LVL_15;UNLOCKED_LVL_15;UNLOCKED_LVL_15;UNLOCKED_LVL_15
86 45;"ROE_STEUERN_ROE_PERSISTENT_START
ROE_RESPONSE_ON_EVENT_PERSISTENT_START";(yes);(yes);(yes);(yes);(yes);(yes);(no);(no);(no);(no);(no);;;;;;;
14;CDTCI_FS_LOESCHEN;(yes);(yes);(yes);(yes);(yes);(yes);(no);(no);(no);(no);(no);;;;;;;
19 08;RDTCI_READ_DTC_INFORMATION_08_DTC_BY_SEVERITY_MASK;(yes);(yes);(yes);(no);(no);(no);(no);(no);(no);(no);(no);;;;;;;
11 01;ER_STEUERGERAETE_RESET;DEFAULT_SESSION_APP;DEFAULT_SESSION_APP;DEFAULT_SESSION_APP;DEFAULT_SESSION_APP;DEFAULT_SESSION_APP;DEFAULT_SESSION_APP;(yes);(yes);(yes);(no);(no);LOCKED;LOCKED;LOCKED;LOCKED;LOCKED;LOCKED;LOCKED
3E 00;TP_DIAGNOSE_AUFRECHT;(yes);(yes);(yes);(yes);(yes);(yes);(yes);(yes);(yes);(no);(no);(yes);(yes);(yes);(yes);(yes);(yes);(yes)
85 02;CDTCS_CONTROL_DTC_SETTING_OFF;(yes);(yes);(yes);(yes);(no);(yes);(no);(yes);(no);(no);(no);;;;;;;
27 02;SA_SA_02_SEND_KEY;(no);(no);(no);(no);(yes);(no);(no);(no);(no);(no);(no);UNLOCKED_LVL_1;UNLOCKED_LVL_1;UNLOCKED_LVL_1;UNLOCKED_LVL_1;UNLOCKED_LVL_1;UNLOCKED_LVL_1;UNLOCKED_LVL_1
19 15;RDTCI_READ_DTC_INFORMATION_15_PERMANENT_DTC;(yes);(yes);(yes);(yes);(yes);(yes);(yes);(yes);(yes);(yes);(yes);;;;;;;
27 17;SA_SA_17_REQUEST_SEED;(yes);(no);(no);(yes);(no);(no);(no);(no);(no);(no);(no);(yes);(yes);(yes);(yes);(yes);(yes);(yes)
11 04;ER_SLEEP_MODE;(yes);(yes);(yes);(yes);(yes);(yes);(no);(no);(no);(no);(no);;;;;;;
27 12;SA_SA_12_SEND_KEY;(no);(no);(no);(no);(no);(no);(no);(no);(yes);(no);(no);UNLOCKED_LVL_11;UNLOCKED_LVL_11;UNLOCKED_LVL_11;UNLOCKED_LVL_11;UNLOCKED_LVL_11;UNLOCKED_LVL_11;UNLOCKED_LVL_11
10 03;DSC_EXTENDED_DIAGNOSTIC_SESSION;EXTENDED_DIAGNOSTIC_SESSION_APP;EXTENDED_DIAGNOSTIC_SESSION_APP;EXTENDED_DIAGNOSTIC_SESSION_APP;EXTENDED_DIAGNOSTIC_SESSION_APP;(no);EXTENDED_DIAGNOSTIC_SESSION_APP;(yes);(yes);(no);EXTENDED_DIAGNOSTIC_SESSION_APP;(no);LOCKED;LOCKED;LOCKED;LOCKED;LOCKED;LOCKED;LOCKED
10 01;DSC_DEFAULT_SESSION;DEFAULT_SESSION_APP;DEFAULT_SESSION_APP;DEFAULT_SESSION_APP;DEFAULT_SESSION_APP;DEFAULT_SESSION_APP;DEFAULT_SESSION_APP;(yes);(yes);(yes);DEFAULT_SESSION_APP;(no);LOCKED;LOCKED;LOCKED;LOCKED;LOCKED;LOCKED;LOCKED
27 18;SA_SA_18_SEND_KEY;(yes);(no);(no);(yes);(no);(no);(no);(no);(no);(no);(no);UNLOCKED_LVL_17;UNLOCKED_LVL_17;UNLOCKED_LVL_17;UNLOCKED_LVL_17;UNLOCKED_LVL_17;UNLOCKED_LVL_17;UNLOCKED_LVL_17
19 07;RDTCI_READ_DTC_INFORMATION_07_NUMBER_OF_DTC_BY_SEVERITY_MASK;(yes);(yes);(yes);(no);(no);(no);(no);(no);(no);(no);(no);;;;;;;
28 03;CC_COMMUNICATION_CONTROL_RX_OFF_TX_OFF;(yes);(no);(no);(no);(no);(no);(yes);(no);(no);(no);(no);;;;;;;
22 10 00;RDBI_STATUS_LESEN;(yes);(yes);(yes);(yes);(yes);(yes);(yes);(yes);(yes);(yes);(yes);;;;;;;
22 10 0A;RDBI_STATUS_LESEN;(yes);(yes);(yes);(yes);(yes);(yes);(yes);(yes);(yes);(yes);(yes);;;;;;;
22 16 00;RDBI_STATUS_LESEN;(yes);(yes);(yes);(yes);(yes);(yes);(yes);(yes);(yes);(yes);(yes);;;;;;;
22 17 01;RDBI_STATUS_LESEN;(yes);(yes);(yes);(yes);(yes);(yes);(yes);(yes);(yes);(yes);(yes);;;;;;;
22 17 04;RDBI_STATUS_LESEN;(yes);(yes);(yes);(yes);(yes);(yes);(yes);(yes);(yes);(yes);(yes);;;;;;;
22 17 23;RDBI_STATUS_LESEN;(yes);(yes);(yes);(yes);(yes);(yes);(yes);(yes);(yes);(yes);(yes);;;;;;;
22 25 01;RDBI_STATUS_LESEN;(yes);(yes);(yes);(yes);(yes);(yes);(yes);(yes);(yes);(yes);(yes);;;;;;;
22 25 03;RDBI_STATUS_LESEN;(yes);(yes);(yes);(yes);(yes);(yes);(yes);(yes);(yes);(yes);(yes);;;;;;;
22 25 04;RDBI_STATUS_LESEN;(yes);(yes);(yes);(yes);(yes);(yes);(yes);(yes);(yes);(yes);(yes);;;;;;;
22 25 40;RDBI_STATUS_LESEN;(yes);(yes);(yes);(yes);(yes);(yes);(yes);(yes);(yes);(yes);(yes);;;;;;;
22 D1 06;RDBI_STATUS_LESEN;(yes);(yes);(yes);(yes);(yes);(yes);(yes);(yes);(yes);(yes);(yes);;;;;;;
22 D1 07;RDBI_STATUS_LESEN;(yes);(yes);(yes);(yes);(yes);(yes);(yes);(yes);(yes);(yes);(yes);;;;;;;
22 D1 09;RDBI_STATUS_LESEN;(yes);(yes);(yes);(yes);(yes);(yes);(yes);(yes);(yes);(yes);(yes);;;;;;;
22 D1 0D;RDBI_STATUS_LESEN;(yes);(yes);(yes);(yes);(yes);(yes);(yes);(yes);(yes);(yes);(yes);;;;;;;
22 D1 0E;RDBI_STATUS_LESEN;(yes);(yes);(yes);(yes);(yes);(yes);(yes);(yes);(yes);(yes);(yes);;;;;;;
22 D1 12;RDBI_STATUS_LESEN;(yes);(yes);(yes);(yes);(yes);(yes);(yes);(yes);(yes);(yes);(yes);;;;;;;
22 D1 13;RDBI_STATUS_LESEN;(yes);(yes);(yes);(yes);(yes);(yes);(yes);(yes);(yes);(yes);(yes);;;;;;;
22 D1 14;RDBI_STATUS_LESEN;(yes);(yes);(yes);(yes);(yes);(yes);(yes);(yes);(yes);(yes);(yes);;;;;;;
22 D1 16;RDBI_STATUS_LESEN;(yes);(yes);(yes);(yes);(yes);(yes);(yes);(yes);(yes);(yes);(yes);;;;;;;
22 D1 18;RDBI_STATUS_LESEN;(yes);(yes);(yes);(yes);(yes);(yes);(yes);(yes);(yes);(yes);(yes);;;;;;;
22 D1 1D;RDBI_STATUS_LESEN;(yes);(yes);(yes);(yes);(yes);(yes);(yes);(yes);(yes);(yes);(yes);;;;;;;
22 D1 1F;RDBI_STATUS_LESEN;(yes);(yes);(yes);(yes);(yes);(yes);(yes);(yes);(yes);(yes);(yes);;;;;;;
22 D1 21;RDBI_STATUS_LESEN;(yes);(yes);(yes);(yes);(yes);(yes);(yes);(yes);(yes);(yes);(yes);;;;;;;
22 D1 22;RDBI_STATUS_LESEN;(yes);(yes);(yes);(yes);(yes);(yes);(yes);(yes);(yes);(yes);(yes);;;;;;;
22 D1 24;RDBI_STATUS_LESEN;(yes);(yes);(yes);(yes);(yes);(yes);(yes);(yes);(yes);(yes);(yes);;;;;;;
22 D1 25;RDBI_STATUS_LESEN;(yes);(yes);(yes);(yes);(yes);(yes);(yes);(yes);(yes);(yes);(yes);;;;;;;
22 D1 26;RDBI_STATUS_LESEN;(yes);(yes);(yes);(yes);(yes);(yes);(yes);(yes);(yes);(yes);(yes);;;;;;;
22 D1 27;RDBI_STATUS_LESEN;(yes);(yes);(yes);(yes);(yes);(yes);(yes);(yes);(yes);(yes);(yes);;;;;;;
22 D1 28;RDBI_STATUS_LESEN;(yes);(yes);(yes);(yes);(yes);(yes);(yes);(yes);(yes);(yes);(yes);;;;;;;
22 D1 29;RDBI_STATUS_LESEN;(yes);(yes);(yes);(yes);(yes);(yes);(yes);(yes);(yes);(yes);(yes);;;;;;;
22 D1 2A;RDBI_STATUS_LESEN;(yes);(yes);(yes);(yes);(yes);(yes);(yes);(yes);(yes);(yes);(yes);;;;;;;
22 D1 2B;RDBI_STATUS_LESEN;(yes);(yes);(yes);(yes);(yes);(yes);(yes);(yes);(yes);(yes);(yes);;;;;;;
22 D1 2C;RDBI_STATUS_LESEN;(yes);(yes);(yes);(yes);(yes);(yes);(yes);(yes);(yes);(yes);(yes);;;;;;;
22 D1 2D;RDBI_STATUS_LESEN;(yes);(yes);(yes);(yes);(yes);(yes);(yes);(yes);(yes);(yes);(yes);;;;;;;
22 D1 2F;RDBI_STATUS_LESEN;(yes);(yes);(yes);(yes);(yes);(yes);(yes);(yes);(yes);(yes);(yes);;;;;;;
22 D1 D0;RDBI_STATUS_LESEN;(yes);(yes);(yes);(yes);(yes);(yes);(yes);(yes);(yes);(yes);(yes);;;;;;;
22 D1 D1;RDBI_STATUS_LESEN;(yes);(yes);(yes);(yes);(yes);(yes);(yes);(yes);(yes);(yes);(yes);;;;;;;
22 D1 D2;RDBI_STATUS_LESEN;(yes);(yes);(yes);(yes);(yes);(yes);(yes);(yes);(yes);(yes);(yes);;;;;;;
22 D1 D3;RDBI_STATUS_LESEN;(yes);(yes);(yes);(yes);(yes);(yes);(yes);(yes);(yes);(yes);(yes);;;;;;;
22 D1 D4;RDBI_STATUS_LESEN;(yes);(yes);(yes);(yes);(yes);(yes);(yes);(yes);(yes);(yes);(yes);;;;;;;
22 D1 D5;RDBI_STATUS_LESEN;(yes);(yes);(yes);(yes);(yes);(yes);(yes);(yes);(yes);(yes);(yes);;;;;;;
22 D1 D6;RDBI_STATUS_LESEN;(yes);(yes);(yes);(yes);(yes);(yes);(yes);(yes);(yes);(yes);(yes);;;;;;;
22 D1 D7;RDBI_STATUS_LESEN;(yes);(yes);(yes);(yes);(yes);(yes);(yes);(yes);(yes);(yes);(yes);;;;;;;
22 D1 D8;RDBI_STATUS_LESEN;(yes);(yes);(yes);(yes);(yes);(yes);(yes);(yes);(yes);(yes);(yes);;;;;;;
22 D1 D9;RDBI_STATUS_LESEN;(yes);(yes);(yes);(yes);(yes);(yes);(yes);(yes);(yes);(yes);(yes);;;;;;;
22 DA 00;RDBI_STATUS_LESEN;(yes);(yes);(yes);(yes);(yes);(yes);(yes);(yes);(yes);(yes);(yes);;;;;;;
22 DA 0A;RDBI_STATUS_LESEN;(yes);(yes);(yes);(yes);(yes);(yes);(yes);(yes);(yes);(yes);(yes);;;;;;;
22 DA 0E;RDBI_STATUS_LESEN;(yes);(yes);(yes);(yes);(yes);(yes);(yes);(yes);(yes);(yes);(yes);;;;;;;
22 DA 0F;RDBI_STATUS_LESEN;(yes);(yes);(yes);(yes);(yes);(yes);(yes);(yes);(yes);(yes);(yes);;;;;;;
22 DA 43;RDBI_STATUS_LESEN;(yes);(yes);(yes);(yes);(yes);(yes);(yes);(yes);(yes);(yes);(yes);;;;;;;
22 DA 44;RDBI_STATUS_LESEN;(yes);(yes);(yes);(yes);(yes);(yes);(yes);(yes);(yes);(yes);(yes);;;;;;;
22 DA 46;RDBI_STATUS_LESEN;(yes);(yes);(yes);(yes);(yes);(yes);(yes);(yes);(yes);(yes);(yes);;;;;;;
22 F1 01;RDBI_STATUS_LESEN;(yes);(yes);(yes);(yes);(yes);(yes);(yes);(yes);(yes);(yes);(yes);;;;;;;
22 F1 02;RDBI_STATUS_LESEN;(yes);(yes);(yes);(yes);(yes);(yes);(yes);(yes);(yes);(yes);(yes);;;;;;;
22 F1 03;RDBI_STATUS_LESEN;(yes);(yes);(yes);(yes);(yes);(yes);(yes);(yes);(yes);(yes);(yes);;;;;;;
22 F1 50;RDBI_STATUS_LESEN;(yes);(yes);(yes);(yes);(yes);(yes);(yes);(yes);(yes);(yes);(yes);;;;;;;
22 F1 86;RDBI_STATUS_LESEN;(yes);(yes);(yes);(yes);(yes);(yes);(yes);(yes);(yes);(yes);(yes);;;;;;;
22 F1 8A;RDBI_STATUS_LESEN;(yes);(yes);(yes);(yes);(yes);(yes);(yes);(yes);(yes);(yes);(yes);;;;;;;
22 F1 8B;RDBI_STATUS_LESEN;(yes);(yes);(yes);(yes);(yes);(yes);(yes);(yes);(yes);(yes);(yes);;;;;;;
22 F1 8C;RDBI_STATUS_LESEN;(yes);(yes);(yes);(yes);(yes);(yes);(yes);(yes);(yes);(yes);(yes);;;;;;;
22 F1 90;RDBI_STATUS_LESEN;(yes);(yes);(yes);(yes);(yes);(yes);(yes);(yes);(yes);(yes);(yes);;;;;;;
19 02;READ_DTC_INFORMATION_02_ReportDTCByStatusMask;(yes);(yes);(yes);(yes);(yes);(yes);(no);(no);(yes);(no);(no);;;;;;;
19 04;READ_DTC_INFORMATION_04_ReportDTCSnapshotRecordByDTCNumber;(yes);(yes);(yes);(yes);(yes);(yes);(no);(no);(yes);(no);(no);;;;;;;
2E 10 00;WDBI_STEUERN;(yes);(yes);(yes);(yes);(yes);(yes);(yes);(yes);(yes);(yes);(yes);;;;;;;
2E D0 90;WDBI_STEUERN;(yes);(yes);(yes);(yes);(yes);(yes);(yes);(yes);(yes);(yes);(yes);;;;;;;
2E D1 13;WDBI_STEUERN;(yes);(yes);(yes);(yes);(yes);(yes);(yes);(yes);(yes);(yes);(yes);;;;;;;
2E D1 14;WDBI_STEUERN;(yes);(yes);(yes);(yes);(yes);(yes);(yes);(yes);(yes);(yes);(yes);;;;;;;
2E D1 16;WDBI_STEUERN;(yes);(yes);(yes);(yes);(yes);(yes);(yes);(yes);(yes);(yes);(yes);;;;;;;
2E D1 1B;WDBI_STEUERN;(yes);(yes);(yes);(yes);(yes);(yes);(yes);(yes);(yes);(yes);(yes);;;;;;;
2E D1 20;WDBI_STEUERN;(yes);(yes);(yes);(yes);(yes);(yes);(yes);(yes);(yes);(yes);(yes);;;;;;;
2E D1 25;WDBI_STEUERN;(yes);(yes);(yes);(yes);(yes);(yes);(yes);(yes);(yes);(yes);(yes);;;;;;;
2E D1 28;WDBI_STEUERN;(yes);(yes);(yes);(yes);(yes);(yes);(yes);(yes);(yes);(yes);(yes);;;;;;;
2E D1 2B;WDBI_STEUERN;(yes);(yes);(yes);(yes);(yes);(yes);(yes);(yes);(yes);(yes);(yes);;;;;;;
2E D1 2E;WDBI_STEUERN;(yes);(yes);(yes);(yes);(yes);(yes);(yes);(yes);(yes);(yes);(yes);;;;;;;
2E F1 90;WDBI_STEUERN;(yes);(yes);(yes);(yes);(yes);(yes);(yes);(yes);(yes);(yes);(yes);;;;;;;
31 01 02 02;"RC_STEUERN_ROUTINE
RoutineControlCheckMemoryAddressedCheckValue";(no);(no);(yes);(yes);(no);(yes);(no);(no);(yes);(no);(no);;;;;;;
31 01 02 03;RC_STEUERN_ROUTINE;(yes);(yes);(yes);(yes);(yes);(yes);(yes);(yes);(yes);(yes);(yes);;;;;;;
31 01 02 04;RC_STEUERN_ROUTINE;(yes);(yes);(yes);(yes);(yes);(yes);(yes);(yes);(yes);(yes);(yes);;;;;;;
31 01 02 05;RC_STEUERN_ROUTINE;(yes);(yes);(yes);(yes);(yes);(yes);(yes);(yes);(yes);(yes);(yes);;;;;;;
31 01 03 03;RC_STEUERN_ROUTINE;(yes);(yes);(yes);(yes);(yes);(yes);(yes);(yes);(yes);(yes);(yes);;;;;;;
31 01 03 04;RC_STEUERN_ROUTINE;(yes);(yes);(yes);(yes);(yes);(yes);(yes);(yes);(yes);(yes);(yes);;;;;;;
31 01 0F 04;RC_STEUERN_ROUTINE;(yes);(yes);(yes);(yes);(yes);(yes);(yes);(yes);(yes);(yes);(yes);;;;;;;
31 01 0F 06;RC_STEUERN_ROUTINE;(yes);(yes);(yes);(yes);(yes);(yes);(yes);(yes);(yes);(yes);(yes);;;;;;;
31 01 0F 0C;RC_STEUERN_ROUTINE;(yes);(yes);(yes);(yes);(yes);(yes);(yes);(yes);(yes);(yes);(yes);;;;;;;
31 01 A1 02;RC_STEUERN_ROUTINE;(yes);(yes);(yes);(yes);(yes);(yes);(yes);(yes);(yes);(yes);(yes);;;;;;;
31 01 A1 03;RC_STEUERN_ROUTINE;(yes);(yes);(yes);(yes);(yes);(yes);(yes);(yes);(yes);(yes);(yes);;;;;;;
31 01 A1 04;RC_STEUERN_ROUTINE;(yes);(yes);(yes);(yes);(yes);(yes);(yes);(yes);(yes);(yes);(yes);;;;;;;
31 01 A1 05;RC_STEUERN_ROUTINE;(yes);(yes);(yes);(yes);(yes);(yes);(yes);(yes);(yes);(yes);(yes);;;;;;;
31 01 A1 06;RC_STEUERN_ROUTINE;(yes);(yes);(yes);(yes);(yes);(yes);(yes);(yes);(yes);(yes);(yes);;;;;;;
31 01 A1 07;RC_STEUERN_ROUTINE;(yes);(yes);(yes);(yes);(yes);(yes);(yes);(yes);(yes);(yes);(yes);;;;;;;
31 01 A1 0A;RC_STEUERN_ROUTINE;(yes);(yes);(yes);(yes);(yes);(yes);(yes);(yes);(yes);(yes);(yes);;;;;;;
31 01 AA 00;RC_STEUERN_ROUTINE;(yes);(yes);(yes);(yes);(yes);(yes);(yes);(yes);(yes);(yes);(yes);;;;;;;
31 01 AA 01;RC_STEUERN_ROUTINE;(yes);(yes);(yes);(yes);(yes);(yes);(yes);(yes);(yes);(yes);(yes);;;;;;;
31 01 FF 00;"RC_STEUERN_ROUTINE
RoutineControlEraseMemoryIndicatedErasing";(no);(no);(yes);(yes);(no);(yes);(no);(no);(yes);(no);(no);;;;;;;
31 01 FF 01;RC_STEUERN_ROUTINE;(yes);(yes);(yes);(yes);(yes);(yes);(yes);(yes);(yes);(yes);(yes);;;;;;;
31 02 0F 04;RC_STEUERN_ROUTINE;(yes);(yes);(yes);(yes);(yes);(yes);(yes);(yes);(yes);(yes);(yes);;;;;;;
31 02 A1 04;RC_STEUERN_ROUTINE;(yes);(yes);(yes);(yes);(yes);(yes);(yes);(yes);(yes);(yes);(yes);;;;;;;
31 02 A1 07;RC_STEUERN_ROUTINE;(yes);(yes);(yes);(yes);(yes);(yes);(yes);(yes);(yes);(yes);(yes);;;;;;;
31 03 0F 04;RC_STEUERN_ROUTINE;(yes);(yes);(yes);(yes);(yes);(yes);(yes);(yes);(yes);(yes);(yes);;;;;;;
19 06;READ_DTC_INFORMATION_06_ReportDTCExtendedDataRecordByDTCNumber;(yes);(yes);(yes);(yes);(yes);(yes);(no);(no);(yes);(no);(no);;;;;;;
22 20 00;ReadDataByIdentifierIS_LESEN;(yes);(yes);(yes);(yes);(yes);(yes);(no);(no);(no);(no);(no);;;;;;;
22 20 01;ReadDataByIdentifierIS_LESEN_DETAIL;(yes);(yes);(yes);(yes);(yes);(yes);(no);(no);(no);(no);(no);;;;;;;
2F D0 8D 03;InputOutputControlByIdentifierSTEUERN_IO;(yes);(yes);(yes);(yes);(yes);(yes);(yes);(yes);(yes);(yes);(yes);;;;;;;
2F D0 8E 03;InputOutputControlByIdentifierSTEUERN_IO;(yes);(yes);(yes);(yes);(yes);(yes);(yes);(yes);(yes);(yes);(yes);;;;;;;
2F D1 15 03;InputOutputControlByIdentifierSTEUERN_IO;(yes);(yes);(yes);(yes);(yes);(yes);(yes);(yes);(yes);(yes);(yes);;;;;;;
2F D1 17 03;InputOutputControlByIdentifierSTEUERN_IO;(yes);(yes);(yes);(yes);(yes);(yes);(yes);(yes);(yes);(yes);(yes);;;;;;;
2F D1 19 02;InputOutputControlByIdentifierSTEUERN_IO;(yes);(yes);(yes);(yes);(yes);(yes);(yes);(yes);(yes);(yes);(yes);;;;;;;
2F D1 1A 03;InputOutputControlByIdentifierSTEUERN_IO;(yes);(yes);(yes);(yes);(yes);(yes);(yes);(yes);(yes);(yes);(yes);;;;;;;
2F D1 1C 03;InputOutputControlByIdentifierSTEUERN_IO;(yes);(yes);(yes);(yes);(yes);(yes);(yes);(yes);(yes);(yes);(yes);;;;;;;
2F D1 1D 03;InputOutputControlByIdentifierSTEUERN_IO;(yes);(yes);(yes);(yes);(yes);(yes);(yes);(yes);(yes);(yes);(yes);;;;;;;
2F D1 1E 03;InputOutputControlByIdentifierSTEUERN_IO;(yes);(yes);(yes);(yes);(yes);(yes);(yes);(yes);(yes);(yes);(yes);;;;;;;
2F DA 0C 00;InputOutputControlByIdentifierSTEUERN_IO;(yes);(yes);(yes);(yes);(yes);(yes);(yes);(yes);(yes);(yes);(yes);;;;;;;
2F DA 0C 03;InputOutputControlByIdentifierSTEUERN_IO;(yes);(yes);(yes);(yes);(yes);(yes);(yes);(yes);(yes);(yes);(yes);;;;;;;
2F FF FF 01;InputOutputControlByIdentifierSTEUERN_IO;(yes);(yes);(yes);(yes);(yes);(yes);(yes);(yes);(yes);(yes);(yes);;;;;;;
