<?xml version="1.0" encoding="utf-8"?><AttributeDefinition xmlns:xsi="http://www.w3.org/2001/XMLSchema-instance" xmlns:xsd="http://www.w3.org/2001/XMLSchema" xsi:noNamespaceSchemaLocation="DaVinciEx_GenericAttributes_1_0.xsd" dvSchemaVersion="1.0"><AttributeDefinitionTable Version="1.0" ID="{932D3FD0-2F6C-49BF-80CB-D1C3756D3868}"><Attribute Name="AR_UUID_ArrayElementConstant" ObjectType="ArrayElementConstant"><STRING Default="" /></Attribute><Attribute Name="AR_UUID_ComponentType" ObjectType="ComponentType"><STRING Default="" /></Attribute><Attribute Name="AR_UUID_Constant" ObjectType="Constant"><STRING Default="" /></Attribute><Attribute Name="AR_UUID_DataElementPrototype" ObjectType="DataElementPrototype"><STRING Default="" /></Attribute><Attribute Name="AR_UUID_DataType" ObjectType="DataType"><STRING Default="" /></Attribute><Attribute Name="AR_UUID_OperationPrototype" ObjectType="OperationPrototype"><STRING Default="" /></Attribute><Attribute Name="AR_UUID_PortInterface" ObjectType="PortInterface"><STRING Default="" /></Attribute><Attribute Name="AR_UUID_PortPrototype" ObjectType="PortPrototype"><STRING Default="" /></Attribute><Attribute Name="AR_UUID_RecordElementConstant" ObjectType="RecordElementConstant"><STRING Default="" /></Attribute><Attribute Name="PAR_GROUP_EL" ObjectType="CalElementPrototype"><ENUM Default="VAR_CODING_DATA"><EnumValue Value="VAR_CODING_DATA" /></ENUM></Attribute></AttributeDefinitionTable><ObjectAttributeReference ObjectType="Data Type"><ARObjectReference Type="IMPLEMENTATION-DATA-TYPE" Reference="/DataType/UInt8" /><AttributeDefinitionTableRef Version="1.0" ID="{932D3FD0-2F6C-49BF-80CB-D1C3756D3868}" /><AttributeValue Name="AR_UUID_DataType" Value="f218140d-9621-49a2-9b42-18f1deed3a19" /></ObjectAttributeReference><ObjectAttributeReference ObjectType="Data Type"><ARObjectReference Type="IMPLEMENTATION-DATA-TYPE" Reference="/DataType/UInt16" /><AttributeDefinitionTableRef Version="1.0" ID="{932D3FD0-2F6C-49BF-80CB-D1C3756D3868}" /><AttributeValue Name="AR_UUID_DataType" Value="a1e52a1a-cb09-4a09-aee9-8797c0f24fff" /></ObjectAttributeReference><ObjectAttributeReference ObjectType="Data Type"><ARObjectReference Type="IMPLEMENTATION-DATA-TYPE" Reference="/DataType/Boolean" /><AttributeDefinitionTableRef Version="1.0" ID="{932D3FD0-2F6C-49BF-80CB-D1C3756D3868}" /><AttributeValue Name="AR_UUID_DataType" Value="48a3c12f-11f6-4f2c-8d1b-f5af3b6a8885" /></ObjectAttributeReference><ObjectAttributeReference ObjectType="Data Type"><ARObjectReference Type="IMPLEMENTATION-DATA-TYPE" Reference="/DataType/SInt16" /><AttributeDefinitionTableRef Version="1.0" ID="{932D3FD0-2F6C-49BF-80CB-D1C3756D3868}" /><AttributeValue Name="AR_UUID_DataType" Value="ef0d0656-25de-499b-9f7d-87aa95d143b5" /></ObjectAttributeReference><ObjectAttributeReference ObjectType="Data Type"><ARObjectReference Type="IMPLEMENTATION-DATA-TYPE" Reference="/DataType/CBSDIAG_tstCBSData" /><AttributeDefinitionTableRef Version="1.0" ID="{932D3FD0-2F6C-49BF-80CB-D1C3756D3868}" /><AttributeValue Name="AR_UUID_DataType" Value="b1ad6ce0-3ccd-42f4-bb2c-49068b112a59" /></ObjectAttributeReference><ObjectAttributeReference ObjectType="Data Type"><ARObjectReference Type="IMPLEMENTATION-DATA-TYPE" Reference="/DataType/CBSDIAG_tstCBSKeyData" /><AttributeDefinitionTableRef Version="1.0" ID="{932D3FD0-2F6C-49BF-80CB-D1C3756D3868}" /><AttributeValue Name="AR_UUID_DataType" Value="8d0408d2-fa89-430c-bb9e-54014255b8f0" /></ObjectAttributeReference><ObjectAttributeReference ObjectType="Data Type"><ARObjectReference Type="IMPLEMENTATION-DATA-TYPE" Reference="/DataType/CBSDIAG_tstCBSKeyHeader" /><AttributeDefinitionTableRef Version="1.0" ID="{932D3FD0-2F6C-49BF-80CB-D1C3756D3868}" /><AttributeValue Name="AR_UUID_DataType" Value="d1b00db5-122e-4d9c-91c4-38463433fde9" /></ObjectAttributeReference><ObjectAttributeReference ObjectType="Data Type"><ARObjectReference Type="IMPLEMENTATION-DATA-TYPE" Reference="/DataType/CBSDIAG_tstCBSResetCommand" /><AttributeDefinitionTableRef Version="1.0" ID="{932D3FD0-2F6C-49BF-80CB-D1C3756D3868}" /><AttributeValue Name="AR_UUID_DataType" Value="7a183172-996b-41d5-acc1-c37a3f77870e" /></ObjectAttributeReference><ObjectAttributeReference ObjectType="Data Type"><ARObjectReference Type="IMPLEMENTATION-DATA-TYPE" Reference="/DataType/CBS_tenCalcMode" /><AttributeDefinitionTableRef Version="1.0" ID="{932D3FD0-2F6C-49BF-80CB-D1C3756D3868}" /><AttributeValue Name="AR_UUID_DataType" Value="5487ace3-d3bf-46a3-b739-1be7a593ee03" /></ObjectAttributeReference><ObjectAttributeReference ObjectType="Data Type"><ARObjectReference Type="IMPLEMENTATION-DATA-TYPE" Reference="/DataType/CBS_tenSCState" /><AttributeDefinitionTableRef Version="1.0" ID="{932D3FD0-2F6C-49BF-80CB-D1C3756D3868}" /><AttributeValue Name="AR_UUID_DataType" Value="cff04aac-bba5-4a03-be3f-03b5d90a081f" /></ObjectAttributeReference><ObjectAttributeReference ObjectType="Data Type"><ARObjectReference Type="IMPLEMENTATION-DATA-TYPE" Reference="/DataType/CBS_tenServiceColour" /><AttributeDefinitionTableRef Version="1.0" ID="{932D3FD0-2F6C-49BF-80CB-D1C3756D3868}" /><AttributeValue Name="AR_UUID_DataType" Value="7cf436df-3aa8-4eef-bcea-9afd8cbd025f" /></ObjectAttributeReference><ObjectAttributeReference ObjectType="Data Type"><ARObjectReference Type="IMPLEMENTATION-DATA-TYPE" Reference="/DataType/CBS_tenServiceSource" /><AttributeDefinitionTableRef Version="1.0" ID="{932D3FD0-2F6C-49BF-80CB-D1C3756D3868}" /><AttributeValue Name="AR_UUID_DataType" Value="19b98604-db01-4598-82b1-162a349cd29b" /></ObjectAttributeReference><ObjectAttributeReference ObjectType="Data Type"><ARObjectReference Type="IMPLEMENTATION-DATA-TYPE" Reference="/DataType/CBS_tenServiceState" /><AttributeDefinitionTableRef Version="1.0" ID="{932D3FD0-2F6C-49BF-80CB-D1C3756D3868}" /><AttributeValue Name="AR_UUID_DataType" Value="8587dd68-9ba4-4774-a4e6-a9f34ad08f5a" /></ObjectAttributeReference><ObjectAttributeReference ObjectType="Data Type"><ARObjectReference Type="IMPLEMENTATION-DATA-TYPE" Reference="/DataType/CBS_tenTCUState" /><AttributeDefinitionTableRef Version="1.0" ID="{932D3FD0-2F6C-49BF-80CB-D1C3756D3868}" /><AttributeValue Name="AR_UUID_DataType" Value="02eb2fd5-1fd3-42c0-af81-83b5f5e559c0" /></ObjectAttributeReference><ObjectAttributeReference ObjectType="Data Type"><ARObjectReference Type="IMPLEMENTATION-DATA-TYPE" Reference="/DataType/SInt32" /><AttributeDefinitionTableRef Version="1.0" ID="{932D3FD0-2F6C-49BF-80CB-D1C3756D3868}" /><AttributeValue Name="AR_UUID_DataType" Value="a756d56b-a420-45a1-8e4a-50036476a74f" /></ObjectAttributeReference><ObjectAttributeReference ObjectType="Data Type"><ARObjectReference Type="IMPLEMENTATION-DATA-TYPE" Reference="/DataType/CBS_tstSBAData" /><AttributeDefinitionTableRef Version="1.0" ID="{932D3FD0-2F6C-49BF-80CB-D1C3756D3868}" /><AttributeValue Name="AR_UUID_DataType" Value="1778a4ae-de83-477a-95fd-efdad255d69e" /></ObjectAttributeReference><ObjectAttributeReference ObjectType="Data Type"><ARObjectReference Type="IMPLEMENTATION-DATA-TYPE" Reference="/DataType/CBS_tstServiceData" /><AttributeDefinitionTableRef Version="1.0" ID="{932D3FD0-2F6C-49BF-80CB-D1C3756D3868}" /><AttributeValue Name="AR_UUID_DataType" Value="2ca748ba-1ead-48ec-8455-3865596c64f1" /></ObjectAttributeReference><ObjectAttributeReference ObjectType="Data Type"><ARObjectReference Type="IMPLEMENTATION-DATA-TYPE" Reference="/DataType/CBS_tstServiceLayout" /><AttributeDefinitionTableRef Version="1.0" ID="{932D3FD0-2F6C-49BF-80CB-D1C3756D3868}" /><AttributeValue Name="AR_UUID_DataType" Value="bf411f69-8301-44bd-9fe6-1e06f8f86928" /></ObjectAttributeReference><ObjectAttributeReference ObjectType="Data Type"><ARObjectReference Type="IMPLEMENTATION-DATA-TYPE" Reference="/DataType/UInt8_3" /><AttributeDefinitionTableRef Version="1.0" ID="{932D3FD0-2F6C-49BF-80CB-D1C3756D3868}" /><AttributeValue Name="AR_UUID_DataType" Value="5a3cfcf9-b772-4192-9ab9-a1a6fc843194" /></ObjectAttributeReference><ObjectAttributeReference ObjectType="Data Type"><ARObjectReference Type="IMPLEMENTATION-DATA-TYPE" Reference="/DataType/CCIN_tstCCCANMessage" /><AttributeDefinitionTableRef Version="1.0" ID="{932D3FD0-2F6C-49BF-80CB-D1C3756D3868}" /><AttributeValue Name="AR_UUID_DataType" Value="334fab15-7249-4b10-8951-8a462b51602b" /></ObjectAttributeReference><ObjectAttributeReference ObjectType="Data Type"><ARObjectReference Type="IMPLEMENTATION-DATA-TYPE" Reference="/DataType/UInt32" /><AttributeDefinitionTableRef Version="1.0" ID="{932D3FD0-2F6C-49BF-80CB-D1C3756D3868}" /><AttributeValue Name="AR_UUID_DataType" Value="742be6ec-108a-48bf-99a4-14c68f8af833" /></ObjectAttributeReference><ObjectAttributeReference ObjectType="Data Type"><ARObjectReference Type="IMPLEMENTATION-DATA-TYPE" Reference="/DataType/UInt2" /><AttributeDefinitionTableRef Version="1.0" ID="{932D3FD0-2F6C-49BF-80CB-D1C3756D3868}" /><AttributeValue Name="AR_UUID_DataType" Value="6878320d-26f1-4526-81a8-e2c19371697c" /></ObjectAttributeReference><ObjectAttributeReference ObjectType="Data Type"><ARObjectReference Type="IMPLEMENTATION-DATA-TYPE" Reference="/DataType/UInt1" /><AttributeDefinitionTableRef Version="1.0" ID="{932D3FD0-2F6C-49BF-80CB-D1C3756D3868}" /><AttributeValue Name="AR_UUID_DataType" Value="33746c72-c937-4bd2-b34f-3bed4ce638a6" /></ObjectAttributeReference><ObjectAttributeReference ObjectType="Data Type"><ARObjectReference Type="IMPLEMENTATION-DATA-TYPE" Reference="/DataType/CCM_tstCCMessageInfo" /><AttributeDefinitionTableRef Version="1.0" ID="{932D3FD0-2F6C-49BF-80CB-D1C3756D3868}" /><AttributeValue Name="AR_UUID_DataType" Value="e6fcbc9f-8835-4085-a0e9-d00091110305" /></ObjectAttributeReference><ObjectAttributeReference ObjectType="Data Type"><ARObjectReference Type="IMPLEMENTATION-DATA-TYPE" Reference="/DataType/CCM_tstDiagBufferInfo" /><AttributeDefinitionTableRef Version="1.0" ID="{932D3FD0-2F6C-49BF-80CB-D1C3756D3868}" /><AttributeValue Name="AR_UUID_DataType" Value="192a524c-fd92-4fc0-8b66-d86a47fd348c" /></ObjectAttributeReference><ObjectAttributeReference ObjectType="Data Type"><ARObjectReference Type="IMPLEMENTATION-DATA-TYPE" Reference="/DataType/UInt16_7" /><AttributeDefinitionTableRef Version="1.0" ID="{932D3FD0-2F6C-49BF-80CB-D1C3756D3868}" /><AttributeValue Name="AR_UUID_DataType" Value="a2ad668a-3b03-4413-8cc0-0b78f0c7c734" /></ObjectAttributeReference><ObjectAttributeReference ObjectType="Data Type"><ARObjectReference Type="IMPLEMENTATION-DATA-TYPE" Reference="/DataType/UInt8_46" /><AttributeDefinitionTableRef Version="1.0" ID="{932D3FD0-2F6C-49BF-80CB-D1C3756D3868}" /><AttributeValue Name="AR_UUID_DataType" Value="afc4482c-2610-45bc-bb83-6c845847046a" /></ObjectAttributeReference><ObjectAttributeReference ObjectType="Data Type"><ARObjectReference Type="IMPLEMENTATION-DATA-TYPE" Reference="/DataType/CCM_tstHmiData" /><AttributeDefinitionTableRef Version="1.0" ID="{932D3FD0-2F6C-49BF-80CB-D1C3756D3868}" /><AttributeValue Name="AR_UUID_DataType" Value="9d9d20fa-00ca-4393-8c39-665b1f9e2c23" /></ObjectAttributeReference><ObjectAttributeReference ObjectType="Data Type"><ARObjectReference Type="IMPLEMENTATION-DATA-TYPE" Reference="/DataType/DiagBuffer" /><AttributeDefinitionTableRef Version="1.0" ID="{932D3FD0-2F6C-49BF-80CB-D1C3756D3868}" /><AttributeValue Name="AR_UUID_DataType" Value="b8d628f0-eaab-44c3-81e9-c202e420bbe8" /></ObjectAttributeReference><ObjectAttributeReference ObjectType="Data Type"><ARObjectReference Type="IMPLEMENTATION-DATA-TYPE" Reference="/DataType/FubiRunMode" /><AttributeDefinitionTableRef Version="1.0" ID="{932D3FD0-2F6C-49BF-80CB-D1C3756D3868}" /><AttributeValue Name="AR_UUID_DataType" Value="ea7bc54f-63ac-4cba-b352-9cd1cf72ef59" /></ObjectAttributeReference><ObjectAttributeReference ObjectType="Data Type"><ARObjectReference Type="IMPLEMENTATION-DATA-TYPE" Reference="/DataType/It_BCActiveCCWarning" /><AttributeDefinitionTableRef Version="1.0" ID="{932D3FD0-2F6C-49BF-80CB-D1C3756D3868}" /><AttributeValue Name="AR_UUID_DataType" Value="f99bfb88-49ad-4185-a8fb-a6cf0f380609" /></ObjectAttributeReference><ObjectAttributeReference ObjectType="Data Type"><ARObjectReference Type="IMPLEMENTATION-DATA-TYPE" Reference="/DataType/It_BCInvalidMarkers" /><AttributeDefinitionTableRef Version="1.0" ID="{932D3FD0-2F6C-49BF-80CB-D1C3756D3868}" /><AttributeValue Name="AR_UUID_DataType" Value="274f8745-bac3-4e70-a82f-8cb38e77b722" /></ObjectAttributeReference><ObjectAttributeReference ObjectType="Data Type"><ARObjectReference Type="IMPLEMENTATION-DATA-TYPE" Reference="/DataType/It_BCInvalidMarkers2" /><AttributeDefinitionTableRef Version="1.0" ID="{932D3FD0-2F6C-49BF-80CB-D1C3756D3868}" /><AttributeValue Name="AR_UUID_DataType" Value="8e5b745c-08a4-48b2-8948-7e0b14b0033a" /></ObjectAttributeReference><ObjectAttributeReference ObjectType="Data Type"><ARObjectReference Type="IMPLEMENTATION-DATA-TYPE" Reference="/DataType/It_BCLastSelection_Pia" /><AttributeDefinitionTableRef Version="1.0" ID="{932D3FD0-2F6C-49BF-80CB-D1C3756D3868}" /><AttributeValue Name="AR_UUID_DataType" Value="a6b7b2f1-34f2-49b3-93d1-3467b44f1d33" /></ObjectAttributeReference><ObjectAttributeReference ObjectType="Data Type"><ARObjectReference Type="IMPLEMENTATION-DATA-TYPE" Reference="/DataType/It_CBSErrorStates" /><AttributeDefinitionTableRef Version="1.0" ID="{932D3FD0-2F6C-49BF-80CB-D1C3756D3868}" /><AttributeValue Name="AR_UUID_DataType" Value="22addaad-9029-484f-a1b7-3c4e86532fcc" /></ObjectAttributeReference><ObjectAttributeReference ObjectType="Data Type"><ARObjectReference Type="IMPLEMENTATION-DATA-TYPE" Reference="/DataType/It_ConsUnitElectric_Pia" /><AttributeDefinitionTableRef Version="1.0" ID="{932D3FD0-2F6C-49BF-80CB-D1C3756D3868}" /><AttributeValue Name="AR_UUID_DataType" Value="526919ae-8d49-4470-918b-44c619abd0eb" /></ObjectAttributeReference><ObjectAttributeReference ObjectType="Data Type"><ARObjectReference Type="IMPLEMENTATION-DATA-TYPE" Reference="/DataType/It_ConsUnit_Pia" /><AttributeDefinitionTableRef Version="1.0" ID="{932D3FD0-2F6C-49BF-80CB-D1C3756D3868}" /><AttributeValue Name="AR_UUID_DataType" Value="73899b0a-5209-464c-8df8-59b6c5718f48" /></ObjectAttributeReference><ObjectAttributeReference ObjectType="Data Type"><ARObjectReference Type="IMPLEMENTATION-DATA-TYPE" Reference="/DataType/It_DateFormat_Pia" /><AttributeDefinitionTableRef Version="1.0" ID="{932D3FD0-2F6C-49BF-80CB-D1C3756D3868}" /><AttributeValue Name="AR_UUID_DataType" Value="a23982d2-1069-42a3-8107-0fcb7f2ea606" /></ObjectAttributeReference><ObjectAttributeReference ObjectType="Data Type"><ARObjectReference Type="IMPLEMENTATION-DATA-TYPE" Reference="/DataType/It_DiagHub_JobResult" /><AttributeDefinitionTableRef Version="1.0" ID="{932D3FD0-2F6C-49BF-80CB-D1C3756D3868}" /><AttributeValue Name="AR_UUID_DataType" Value="2e4b7052-8bd8-48aa-8d23-410a17b770b9" /></ObjectAttributeReference><ObjectAttributeReference ObjectType="Data Type"><ARObjectReference Type="IMPLEMENTATION-DATA-TYPE" Reference="/DataType/It_DistUnit_Pia" /><AttributeDefinitionTableRef Version="1.0" ID="{932D3FD0-2F6C-49BF-80CB-D1C3756D3868}" /><AttributeValue Name="AR_UUID_DataType" Value="e1020094-8d8a-4994-8f96-a99fb70a45c7" /></ObjectAttributeReference><ObjectAttributeReference ObjectType="Data Type"><ARObjectReference Type="IMPLEMENTATION-DATA-TYPE" Reference="/DataType/It_ErmDtcEnumDef" /><AttributeDefinitionTableRef Version="1.0" ID="{932D3FD0-2F6C-49BF-80CB-D1C3756D3868}" /><AttributeValue Name="AR_UUID_DataType" Value="0f31461a-4b0f-49bb-b680-3de4bb465aaa" /></ObjectAttributeReference><ObjectAttributeReference ObjectType="Data Type"><ARObjectReference Type="IMPLEMENTATION-DATA-TYPE" Reference="/DataType/It_ErmVectorBitsDef" /><AttributeDefinitionTableRef Version="1.0" ID="{932D3FD0-2F6C-49BF-80CB-D1C3756D3868}" /><AttributeValue Name="AR_UUID_DataType" Value="1a730bf8-4592-4657-a114-330d493c735c" /></ObjectAttributeReference><ObjectAttributeReference ObjectType="Data Type"><ARObjectReference Type="IMPLEMENTATION-DATA-TYPE" Reference="/DataType/It_Language_Pia" /><AttributeDefinitionTableRef Version="1.0" ID="{932D3FD0-2F6C-49BF-80CB-D1C3756D3868}" /><AttributeValue Name="AR_UUID_DataType" Value="0518de43-af45-4016-9440-8f73b3ca873e" /></ObjectAttributeReference><ObjectAttributeReference ObjectType="Data Type"><ARObjectReference Type="IMPLEMENTATION-DATA-TYPE" Reference="/DataType/It_LdmAccCarTypes" /><AttributeDefinitionTableRef Version="1.0" ID="{932D3FD0-2F6C-49BF-80CB-D1C3756D3868}" /><AttributeValue Name="AR_UUID_DataType" Value="fdbd3158-4293-4901-8bff-794f559a4c44" /></ObjectAttributeReference><ObjectAttributeReference ObjectType="Data Type"><ARObjectReference Type="IMPLEMENTATION-DATA-TYPE" Reference="/DataType/It_LdmColourCodes" /><AttributeDefinitionTableRef Version="1.0" ID="{932D3FD0-2F6C-49BF-80CB-D1C3756D3868}" /><AttributeValue Name="AR_UUID_DataType" Value="344d09dd-f811-4e0d-8f8f-00e9c362191d" /></ObjectAttributeReference><ObjectAttributeReference ObjectType="Data Type"><ARObjectReference Type="IMPLEMENTATION-DATA-TYPE" Reference="/DataType/It_LdmRequestSpeedSymbols" /><AttributeDefinitionTableRef Version="1.0" ID="{932D3FD0-2F6C-49BF-80CB-D1C3756D3868}" /><AttributeValue Name="AR_UUID_DataType" Value="bf64f1f9-0cb5-4cc4-8c7c-cc1b364e15cc" /></ObjectAttributeReference><ObjectAttributeReference ObjectType="Data Type"><ARObjectReference Type="IMPLEMENTATION-DATA-TYPE" Reference="/DataType/It_LdmSLDWarningMode" /><AttributeDefinitionTableRef Version="1.0" ID="{932D3FD0-2F6C-49BF-80CB-D1C3756D3868}" /><AttributeValue Name="AR_UUID_DataType" Value="24e15ea2-2a59-46cf-b11a-f949d9d14bab" /></ObjectAttributeReference><ObjectAttributeReference ObjectType="Data Type"><ARObjectReference Type="IMPLEMENTATION-DATA-TYPE" Reference="/DataType/It_LdmStaState" /><AttributeDefinitionTableRef Version="1.0" ID="{932D3FD0-2F6C-49BF-80CB-D1C3756D3868}" /><AttributeValue Name="AR_UUID_DataType" Value="50d14532-ad6a-42f8-95b7-f760cd98a52e" /></ObjectAttributeReference><ObjectAttributeReference ObjectType="Data Type"><ARObjectReference Type="IMPLEMENTATION-DATA-TYPE" Reference="/DataType/It_LdmiBrakeGapDisplayOff" /><AttributeDefinitionTableRef Version="1.0" ID="{932D3FD0-2F6C-49BF-80CB-D1C3756D3868}" /><AttributeValue Name="AR_UUID_DataType" Value="a603ad09-0108-4e53-b62e-7d8baf2a7b31" /></ObjectAttributeReference><ObjectAttributeReference ObjectType="Data Type"><ARObjectReference Type="IMPLEMENTATION-DATA-TYPE" Reference="/DataType/It_LdmiBrakeSymbolColourCodes" /><AttributeDefinitionTableRef Version="1.0" ID="{932D3FD0-2F6C-49BF-80CB-D1C3756D3868}" /><AttributeValue Name="AR_UUID_DataType" Value="59849529-458b-4ecc-bf4a-3a01b1cecb1a" /></ObjectAttributeReference><ObjectAttributeReference ObjectType="Data Type"><ARObjectReference Type="IMPLEMENTATION-DATA-TYPE" Reference="/DataType/It_PowerUnit_Pia" /><AttributeDefinitionTableRef Version="1.0" ID="{932D3FD0-2F6C-49BF-80CB-D1C3756D3868}" /><AttributeValue Name="AR_UUID_DataType" Value="7d5e0ea8-ee25-4bfe-aeac-dc6205046525" /></ObjectAttributeReference><ObjectAttributeReference ObjectType="Data Type"><ARObjectReference Type="IMPLEMENTATION-DATA-TYPE" Reference="/DataType/It_RdaDataBlockOffSets" /><AttributeDefinitionTableRef Version="1.0" ID="{932D3FD0-2F6C-49BF-80CB-D1C3756D3868}" /><AttributeValue Name="AR_UUID_DataType" Value="a8f51a40-dfd4-4133-a2ea-287389039076" /></ObjectAttributeReference><ObjectAttributeReference ObjectType="Data Type"><ARObjectReference Type="IMPLEMENTATION-DATA-TYPE" Reference="/DataType/It_TempUnit_Pia" /><AttributeDefinitionTableRef Version="1.0" ID="{932D3FD0-2F6C-49BF-80CB-D1C3756D3868}" /><AttributeValue Name="AR_UUID_DataType" Value="9ae4ad12-7fb8-4636-85ec-27dcc0782d40" /></ObjectAttributeReference><ObjectAttributeReference ObjectType="Data Type"><ARObjectReference Type="IMPLEMENTATION-DATA-TYPE" Reference="/DataType/It_TimeUnit_Pia" /><AttributeDefinitionTableRef Version="1.0" ID="{932D3FD0-2F6C-49BF-80CB-D1C3756D3868}" /><AttributeValue Name="AR_UUID_DataType" Value="6534ec70-c647-4816-aaf5-e430eef9b5b7" /></ObjectAttributeReference><ObjectAttributeReference ObjectType="Data Type"><ARObjectReference Type="IMPLEMENTATION-DATA-TYPE" Reference="/DataType/It_TnkInvalidFuel" /><AttributeDefinitionTableRef Version="1.0" ID="{932D3FD0-2F6C-49BF-80CB-D1C3756D3868}" /><AttributeValue Name="AR_UUID_DataType" Value="31635381-a6fe-42d9-aac4-f4975e5a02c2" /></ObjectAttributeReference><ObjectAttributeReference ObjectType="Data Type"><ARObjectReference Type="IMPLEMENTATION-DATA-TYPE" Reference="/DataType/It_bTypeCCM_vKeyPressed" /><AttributeDefinitionTableRef Version="1.0" ID="{932D3FD0-2F6C-49BF-80CB-D1C3756D3868}" /><AttributeValue Name="AR_UUID_DataType" Value="bfc81a95-e6eb-40af-951c-30c4023f863c" /></ObjectAttributeReference><ObjectAttributeReference ObjectType="Data Type"><ARObjectReference Type="IMPLEMENTATION-DATA-TYPE" Reference="/DataType/NvM_ReturnType" /><AttributeDefinitionTableRef Version="1.0" ID="{932D3FD0-2F6C-49BF-80CB-D1C3756D3868}" /><AttributeValue Name="AR_UUID_DataType" Value="58aed807-79ac-4ccc-b62c-5be83be04169" /></ObjectAttributeReference><ObjectAttributeReference ObjectType="Data Type"><ARObjectReference Type="IMPLEMENTATION-DATA-TYPE" Reference="/DataType/OdoState" /><AttributeDefinitionTableRef Version="1.0" ID="{932D3FD0-2F6C-49BF-80CB-D1C3756D3868}" /><AttributeValue Name="AR_UUID_DataType" Value="effaad7e-96b7-49cf-972a-d9c9f04632fd" /></ObjectAttributeReference><ObjectAttributeReference ObjectType="Data Type"><ARObjectReference Type="IMPLEMENTATION-DATA-TYPE" Reference="/DataType/RDA_LockType" /><AttributeDefinitionTableRef Version="1.0" ID="{932D3FD0-2F6C-49BF-80CB-D1C3756D3868}" /><AttributeValue Name="AR_UUID_DataType" Value="b11a4876-603d-4afc-85b5-15ec06cb95db" /></ObjectAttributeReference><ObjectAttributeReference ObjectType="Data Type"><ARObjectReference Type="IMPLEMENTATION-DATA-TYPE" Reference="/DataType/RDA_StateMemoryType" /><AttributeDefinitionTableRef Version="1.0" ID="{932D3FD0-2F6C-49BF-80CB-D1C3756D3868}" /><AttributeValue Name="AR_UUID_DataType" Value="6f475b9d-6f5f-487d-89ff-fadfb994d9df" /></ObjectAttributeReference><ObjectAttributeReference ObjectType="Data Type"><ARObjectReference Type="IMPLEMENTATION-DATA-TYPE" Reference="/DataType/SignalAndTimestamp" /><AttributeDefinitionTableRef Version="1.0" ID="{932D3FD0-2F6C-49BF-80CB-D1C3756D3868}" /><AttributeValue Name="AR_UUID_DataType" Value="84fcdbbc-4da9-4ac2-82e8-06a50e6dc3e5" /></ObjectAttributeReference><ObjectAttributeReference ObjectType="Data Type"><ARObjectReference Type="IMPLEMENTATION-DATA-TYPE" Reference="/DataType/UInt4" /><AttributeDefinitionTableRef Version="1.0" ID="{932D3FD0-2F6C-49BF-80CB-D1C3756D3868}" /><AttributeValue Name="AR_UUID_DataType" Value="17454c98-c68e-4435-858a-3ef8347fb6c0" /></ObjectAttributeReference><ObjectAttributeReference ObjectType="Data Type"><ARObjectReference Type="IMPLEMENTATION-DATA-TYPE" Reference="/DataType/UInt12" /><AttributeDefinitionTableRef Version="1.0" ID="{932D3FD0-2F6C-49BF-80CB-D1C3756D3868}" /><AttributeValue Name="AR_UUID_DataType" Value="ecdd747d-f114-4d86-980d-51858695af6c" /></ObjectAttributeReference><ObjectAttributeReference ObjectType="Data Type"><ARObjectReference Type="IMPLEMENTATION-DATA-TYPE" Reference="/DataType/TimeAndDate" /><AttributeDefinitionTableRef Version="1.0" ID="{932D3FD0-2F6C-49BF-80CB-D1C3756D3868}" /><AttributeValue Name="AR_UUID_DataType" Value="e9c20ed0-fe1d-49fd-9cfa-ab317bb0a1ac" /></ObjectAttributeReference><ObjectAttributeReference ObjectType="Data Type"><ARObjectReference Type="IMPLEMENTATION-DATA-TYPE" Reference="/DataType/UInt10" /><AttributeDefinitionTableRef Version="1.0" ID="{932D3FD0-2F6C-49BF-80CB-D1C3756D3868}" /><AttributeValue Name="AR_UUID_DataType" Value="cc1fc697-a522-49a7-8185-3da736b3d11c" /></ObjectAttributeReference><ObjectAttributeReference ObjectType="Data Type"><ARObjectReference Type="IMPLEMENTATION-DATA-TYPE" Reference="/DataType/UInt14" /><AttributeDefinitionTableRef Version="1.0" ID="{932D3FD0-2F6C-49BF-80CB-D1C3756D3868}" /><AttributeValue Name="AR_UUID_DataType" Value="7cf5ad81-08f1-43b5-bd25-db9b842551cd" /></ObjectAttributeReference><ObjectAttributeReference ObjectType="Data Type"><ARObjectReference Type="IMPLEMENTATION-DATA-TYPE" Reference="/DataType/UInt16_16_OdoSecureCells" /><AttributeDefinitionTableRef Version="1.0" ID="{932D3FD0-2F6C-49BF-80CB-D1C3756D3868}" /><AttributeValue Name="AR_UUID_DataType" Value="ec2c4b78-c922-492c-a893-d89e473ef62d" /></ObjectAttributeReference><ObjectAttributeReference ObjectType="Data Type"><ARObjectReference Type="IMPLEMENTATION-DATA-TYPE" Reference="/DataType/UInt16_4" /><AttributeDefinitionTableRef Version="1.0" ID="{932D3FD0-2F6C-49BF-80CB-D1C3756D3868}" /><AttributeValue Name="AR_UUID_DataType" Value="d3c0d7dd-3734-49a7-a900-07eb792d5dcf" /></ObjectAttributeReference><ObjectAttributeReference ObjectType="Data Type"><ARObjectReference Type="IMPLEMENTATION-DATA-TYPE" Reference="/DataType/UInt24" /><AttributeDefinitionTableRef Version="1.0" ID="{932D3FD0-2F6C-49BF-80CB-D1C3756D3868}" /><AttributeValue Name="AR_UUID_DataType" Value="1c3857ff-f90b-4f00-aa3c-eaccacbbd136" /></ObjectAttributeReference><ObjectAttributeReference ObjectType="Data Type"><ARObjectReference Type="IMPLEMENTATION-DATA-TYPE" Reference="/DataType/UInt3" /><AttributeDefinitionTableRef Version="1.0" ID="{932D3FD0-2F6C-49BF-80CB-D1C3756D3868}" /><AttributeValue Name="AR_UUID_DataType" Value="aa26e008-e0a0-4e7a-9278-f7b4f58a1d46" /></ObjectAttributeReference><ObjectAttributeReference ObjectType="Data Type"><ARObjectReference Type="IMPLEMENTATION-DATA-TYPE" Reference="/DataType/UInt5" /><AttributeDefinitionTableRef Version="1.0" ID="{932D3FD0-2F6C-49BF-80CB-D1C3756D3868}" /><AttributeValue Name="AR_UUID_DataType" Value="79942c5e-ddbd-4027-b50c-373fd86cf2ff" /></ObjectAttributeReference><ObjectAttributeReference ObjectType="Data Type"><ARObjectReference Type="IMPLEMENTATION-DATA-TYPE" Reference="/DataType/UInt6" /><AttributeDefinitionTableRef Version="1.0" ID="{932D3FD0-2F6C-49BF-80CB-D1C3756D3868}" /><AttributeValue Name="AR_UUID_DataType" Value="52b5ea35-0053-4399-9337-e959477b6dab" /></ObjectAttributeReference><ObjectAttributeReference ObjectType="Data Type"><ARObjectReference Type="IMPLEMENTATION-DATA-TYPE" Reference="/DataType/UInt7" /><AttributeDefinitionTableRef Version="1.0" ID="{932D3FD0-2F6C-49BF-80CB-D1C3756D3868}" /><AttributeValue Name="AR_UUID_DataType" Value="c9bf18df-27ad-4c3a-ae1e-1e7e4e2eefa2" /></ObjectAttributeReference><ObjectAttributeReference ObjectType="Data Type"><ARObjectReference Type="IMPLEMENTATION-DATA-TYPE" Reference="/DataType/UInt8_10_CcDiagTimeStamp" /><AttributeDefinitionTableRef Version="1.0" ID="{932D3FD0-2F6C-49BF-80CB-D1C3756D3868}" /><AttributeValue Name="AR_UUID_DataType" Value="e4a476a6-1e09-46ca-b1b9-d3176117fc98" /></ObjectAttributeReference><ObjectAttributeReference ObjectType="Data Type"><ARObjectReference Type="IMPLEMENTATION-DATA-TYPE" Reference="/DataType/UInt8_4_BackupRelativeTime" /><AttributeDefinitionTableRef Version="1.0" ID="{932D3FD0-2F6C-49BF-80CB-D1C3756D3868}" /><AttributeValue Name="AR_UUID_DataType" Value="eaa7232e-289c-486a-8993-7eb573b6dc90" /></ObjectAttributeReference><ObjectAttributeReference ObjectType="Data Type"><ARObjectReference Type="IMPLEMENTATION-DATA-TYPE" Reference="/DataType/UInt8_6_BcNvmEternalConsumption" /><AttributeDefinitionTableRef Version="1.0" ID="{932D3FD0-2F6C-49BF-80CB-D1C3756D3868}" /><AttributeValue Name="AR_UUID_DataType" Value="029fca4c-96d5-45ec-9595-61c1b10f6df6" /></ObjectAttributeReference><ObjectAttributeReference ObjectType="Data Type"><ARObjectReference Type="IMPLEMENTATION-DATA-TYPE" Reference="/DataType/tBcConsCharFactor" /><AttributeDefinitionTableRef Version="1.0" ID="{932D3FD0-2F6C-49BF-80CB-D1C3756D3868}" /><AttributeValue Name="AR_UUID_DataType" Value="17b56e43-e76d-48f6-9d0e-5654b15d2300" /></ObjectAttributeReference><ObjectAttributeReference ObjectType="Data Type"><ARObjectReference Type="IMPLEMENTATION-DATA-TYPE" Reference="/DataType/tBcConsConfig" /><AttributeDefinitionTableRef Version="1.0" ID="{932D3FD0-2F6C-49BF-80CB-D1C3756D3868}" /><AttributeValue Name="AR_UUID_DataType" Value="40cece48-e4c1-43b6-920e-df21f21c87b8" /></ObjectAttributeReference><ObjectAttributeReference ObjectType="Data Type"><ARObjectReference Type="IMPLEMENTATION-DATA-TYPE" Reference="/DataType/tBcConsSegData" /><AttributeDefinitionTableRef Version="1.0" ID="{932D3FD0-2F6C-49BF-80CB-D1C3756D3868}" /><AttributeValue Name="AR_UUID_DataType" Value="02ce32b6-1aad-4acc-a658-34d7eea618dd" /></ObjectAttributeReference><ObjectAttributeReference ObjectType="Data Type"><ARObjectReference Type="IMPLEMENTATION-DATA-TYPE" Reference="/DataType/tEBCStopwatchCmd" /><AttributeDefinitionTableRef Version="1.0" ID="{932D3FD0-2F6C-49BF-80CB-D1C3756D3868}" /><AttributeValue Name="AR_UUID_DataType" Value="3ebdf3c1-7c6b-4dd5-9ece-c44f0d7b1be1" /></ObjectAttributeReference><ObjectAttributeReference ObjectType="Data Type"><ARObjectReference Type="IMPLEMENTATION-DATA-TYPE" Reference="/DataType/tEBCTripCmd" /><AttributeDefinitionTableRef Version="1.0" ID="{932D3FD0-2F6C-49BF-80CB-D1C3756D3868}" /><AttributeValue Name="AR_UUID_DataType" Value="6a3852f4-faae-4d04-84cc-b04b8fd3d23c" /></ObjectAttributeReference></AttributeDefinition>