<?xml version="1.0" encoding="ISO-8859-1" standalone="yes"?>
<!DOCTYPE PROFILE [<!ELEMENT PROFILE (SECTION*)><!ELEMENT SECTION (KEYVALPAIR*)><!ATTLIST SECTION NAME CDATA "" ><!ELEMENT KEYVALPAIR (#PCDATA)><!ATTLIST KEYVALPAIR KEY CDATA "" VAL CDATA "" >]>
<PROFILE><SECTION NAME="AUTOSAR_XML"><KEYVALPAIR KEY="DataTypeInvalidValueWithinRange" VAL="1"/><KEYVALPAIR KEY="ExtendedShortNameLength" VAL="1"/><KEYVALPAIR KEY="SyncAliveTimeout" VAL="1"/></SECTION><SECTION NAME="CHECK_AND_SYNCHRONIZE"><KEYVALPAIR KEY="DataMapping_Compatibility" VAL="1"/><KEYVALPAIR KEY="DataMapping_Defines" VAL="1"/><KEYVALPAIR KEY="DataMapping_InitValues" VAL="1"/><KEYVALPAIR KEY="DataMapping_InvalidValues" VAL="1"/><KEYVALPAIR KEY="DataMapping_Length" VAL="1"/><KEYVALPAIR KEY="DataMapping_Scale" VAL="1"/><KEYVALPAIR KEY="DataMapping_SignalGroups" VAL="1"/><KEYVALPAIR KEY="DataMapping_Unit" VAL="1"/><KEYVALPAIR KEY="DataType_UseTerminatingNullByteForStrings" VAL="1"/><KEYVALPAIR KEY="E2EConsistency" VAL="0"/><KEYVALPAIR KEY="PortCompat_CheckDelegationConnectorComSpec" VAL="1"/><KEYVALPAIR KEY="SoftwareDesign_PortCompatibility" VAL="1"/><KEYVALPAIR KEY="UnconnectedPorts_Calibration" VAL="1"/><KEYVALPAIR KEY="UnconnectedPorts_ClientPorts" VAL="1"/><KEYVALPAIR KEY="UnconnectedPorts_NvM" VAL="0"/><KEYVALPAIR KEY="UnconnectedPorts_ReceiverPorts" VAL="1"/><KEYVALPAIR KEY="UnconnectedPorts_SenderPorts" VAL="1"/><KEYVALPAIR KEY="UnconnectedPorts_ServerPorts" VAL="1"/><KEYVALPAIR KEY="UnusedDE_Requires_InitVals" VAL="1"/></SECTION><SECTION NAME="DEFAULT_PACKAGES"><KEYVALPAIR KEY="DefaultPackage_BaseTypes" VAL="DataType/BaseType"/><KEYVALPAIR KEY="DefaultPackage_ComponentTypes" VAL="ComponentType"/><KEYVALPAIR KEY="DefaultPackage_CompuMethods" VAL="DataType/DataTypeSemantics"/><KEYVALPAIR KEY="DefaultPackage_Constants" VAL="Constant"/><KEYVALPAIR KEY="DefaultPackage_DataConstrs" VAL="DataType/DataConstraint"/><KEYVALPAIR KEY="DefaultPackage_DataTypeMappingSets" VAL="ComponentTypes/DataTypeMappingSets"/><KEYVALPAIR KEY="DefaultPackage_DataTypes" VAL="DataType"/><KEYVALPAIR KEY="DefaultPackage_ModeDeclarationGroups" VAL="ModeDclrGroup"/><KEYVALPAIR KEY="DefaultPackage_PortInterfaces" VAL="PortInterface"/><KEYVALPAIR KEY="DefaultPackage_Units" VAL="DataType/Unit"/></SECTION><SECTION NAME="GRAPHIC_OBJECT_FILTER"><KEYVALPAIR KEY="ShowCalibrationObjects" VAL="1"/><KEYVALPAIR KEY="UseGraphicEditors" VAL="1"/></SECTION><SECTION NAME="IMEX_XML_SETTINGS"><KEYVALPAIR KEY="CheckDifferencesBeforeImport" VAL="0"/><KEYVALPAIR KEY="DoConsistenceCheckAfterImport" VAL="1"/><KEYVALPAIR KEY="FindUnusedElementsafterImport" VAL="0"/><KEYVALPAIR KEY="ImportModePresetForCreated" VAL="0"/><KEYVALPAIR KEY="LockCreatedObjects" VAL="0"/><KEYVALPAIR KEY="MergeElementsFromDifferentPackagesDuringImport" VAL="1"/><KEYVALPAIR KEY="PackageImport" VAL="0"/><KEYVALPAIR KEY="SubstituteMissingObjects" VAL="1"/><KEYVALPAIR KEY="UseImportModePreset" VAL="0"/><KEYVALPAIR KEY="UseImportModePresetForCreated" VAL="0"/></SECTION><SECTION NAME="MISC"/></PROFILE>
